Player,Nation,Pos,Squad,Age,Born,MP,Starts,Min,90s,Gls,Ast,G+A,G-PK,PK,PKatt,CrdY,CrdR,xG,npxG,xAG,npxG+xAG,PrgC,PrgP,PrgR,Gls,Ast,G+A,G-PK,G+A-PK,xG,xAG,xG+xAG,npxG,npxG+xAG,Matches
Aaron Cresswell,eng ENG,DF,West Ham,34-310,1989,3,0,28,0.3,0,0,0,0,0,0,0,0,0,0,0,0.1,1,3,1,0,0,0,0,0,0.11,0.12,0.22,0.11,0.22,Matches
Aaron Ramsdale,eng ENG,GK,Southampton,26-159,1998,6,6,540,6,0,0,0,0,0,0,0,0,0,0,0,0,0,0,0,0,0,0,0,0,0,0,0,0,0,Matches
Aaron Wan-Bissaka,eng ENG,DF,West Ham,26-329,1997,7,6,569,6.3,0,0,0,0,0,0,0,0,0.1,0.1,0.3,0.4,20,26,24,0,0,0,0,0,0.01,0.05,0.07,0.01,0.07,Matches
Abdoulaye Doucouré,ml MLI,MF,Everton,31-293,1993,7,6,486,5.4,0,0,0,0,0,0,0,0,0.2,0.2,0.2,0.5,6,18,11,0,0,0,0,0,0.04,0.04,0.09,0.04,0.09,Matches
Abdul Fatawu Issahaku,gh GHA,"FW,DF",Leicester City,20-226,2004,8,3,309,3.4,0,2,2,0,0,0,0,0,0.3,0.3,1.4,1.7,17,10,26,0,0.58,0.58,0,0.58,0.09,0.39,0.49,0.09,0.49,Matches
Adam Armstrong,eng ENG,FW,Southampton,27-253,1997,5,3,231,2.6,0,0,0,0,0,0,1,0,0.8,0.8,0.1,0.9,6,5,17,0,0,0,0,0,0.3,0.04,0.35,0.3,0.35,Matches
Adam Lallana,eng ENG,MF,Southampton,36-163,1988,4,1,116,1.3,0,2,2,0,0,0,2,0,0.2,0.2,0.8,1,1,9,3,0,1.55,1.55,0,1.55,0.13,0.62,0.75,0.13,0.75,Matches
Adam Smith,eng ENG,DF,Bournemouth,33-174,1991,8,4,373,4.1,0,0,0,0,0,0,1,0,0,0,0.1,0.1,2,6,7,0,0,0,0,0,0,0.02,0.02,0,0.02,Matches
Adam Webster,eng ENG,DF,Brighton,29-290,1995,3,2,79,0.9,0,0,0,0,0,0,0,0,0,0,0,0,0,10,1,0,0,0,0,0,0,0,0,0,0,Matches
Adam Wharton,eng ENG,MF,Crystal Palace,20-140,2004,7,7,535,5.9,0,0,0,0,0,0,0,0,0.2,0.2,0.6,0.8,5,52,6,0,0,0,0,0,0.03,0.1,0.13,0.03,0.13,Matches
Adama Traoré,es ESP,"FW,MF",Fulham,28-269,1996,8,8,623,6.9,1,2,3,1,0,0,2,0,2.5,2.5,2,4.4,37,23,45,0.14,0.29,0.43,0.14,0.43,0.35,0.28,0.64,0.35,0.64,Matches
Alejandro Garnacho,ar ARG,FW,Manchester Utd,20-111,2004,8,5,501,5.6,2,1,3,2,0,0,1,0,2.7,2.7,0.5,3.2,32,9,67,0.36,0.18,0.54,0.36,0.54,0.49,0.09,0.58,0.49,0.58,Matches
Alex Iwobi,ng NGA,"FW,DF",Fulham,28-170,1996,8,8,677,7.5,1,1,2,1,0,0,0,0,0.8,0.8,1.8,2.6,26,48,59,0.13,0.13,0.27,0.13,0.27,0.1,0.24,0.34,0.1,0.34,Matches
Alex McCarthy,eng ENG,GK,Southampton,34-322,1989,2,2,180,2,0,0,0,0,0,0,0,0,0,0,0,0,0,0,0,0,0,0,0,0,0,0,0,0,0,Matches
Alex Scott,eng ENG,MF,Bournemouth,21-060,2003,8,2,263,2.9,0,0,0,0,0,0,0,0,0.1,0.1,0.2,0.3,5,32,14,0,0,0,0,0,0.05,0.07,0.12,0.05,0.12,Matches
Alexander Isak,se SWE,FW,Newcastle Utd,25-029,1999,6,6,495,5.5,1,1,2,1,0,0,0,0,2.2,2.2,0.8,2.9,13,7,31,0.18,0.18,0.36,0.18,0.36,0.39,0.14,0.53,0.39,0.53,Matches
Alexis Mac Allister,ar ARG,MF,Liverpool,25-301,1998,7,7,554,6.2,0,0,0,0,0,0,1,0,0.2,0.2,1,1.2,9,38,16,0,0,0,0,0,0.03,0.16,0.19,0.03,0.19,Matches
Ali Al Hamadi,iq IRQ,FW,Ipswich Town,22-233,2002,3,0,35,0.4,0,0,0,0,0,0,2,0,0,0,0,0,0,0,3,0,0,0,0,0,0,0.12,0.12,0,0.12,Matches
Alisson,br BRA,GK,Liverpool,32-018,1992,6,6,528,5.9,0,0,0,0,0,0,0,0,0,0,0,0,0,0,0,0,0,0,0,0,0,0,0,0,0,Matches
Alphonse Areola,fr FRA,GK,West Ham,31-236,1993,8,8,675,7.5,0,0,0,0,0,0,0,0,0,0,0,0,0,0,0,0,0,0,0,0,0,0,0,0,0,Matches
Amad Diallo,ci CIV,FW,Manchester Utd,22-101,2002,6,4,342,3.8,1,1,2,1,0,0,1,0,0.4,0.4,1.2,1.6,26,18,58,0.26,0.26,0.53,0.26,0.53,0.11,0.3,0.42,0.11,0.42,Matches
Amadou Onana,be BEL,MF,Aston Villa,23-065,2001,7,7,495,5.5,2,0,2,2,0,0,2,0,1.1,1.1,0.1,1.2,7,17,4,0.36,0,0.36,0.36,0.36,0.2,0.02,0.22,0.2,0.22,Matches
Andreas Pereira,br BRA,MF,Fulham,28-293,1996,8,8,610,6.8,1,0,1,1,0,1,2,0,1.9,1.1,1.5,2.6,4,33,23,0.15,0,0.15,0.15,0.15,0.28,0.22,0.5,0.16,0.38,Matches
Andrew Robertson,sct SCO,DF,Liverpool,30-223,1994,7,6,514,5.7,0,0,0,0,0,0,1,0,0.4,0.4,1.5,1.9,14,30,13,0,0,0,0,0,0.08,0.26,0.33,0.08,0.33,Matches
André,br BRA,MF,Wolves,23-096,2001,5,4,317,3.5,0,0,0,0,0,0,2,0,0.1,0.1,0.1,0.2,0,10,0,0,0,0,0,0,0.02,0.04,0.06,0.02,0.06,Matches
André Onana,cm CMR,GK,Manchester Utd,28-201,1996,8,8,720,8,0,0,0,0,0,0,0,0,0,0,0.4,0.4,0,0,0,0,0,0,0,0,0,0.05,0.05,0,0.05,Matches
Andy Irving,sct SCO,MF,West Ham,24-160,2000,2,0,19,0.2,0,0,0,0,0,0,1,0,0,0,0,0,0,2,0,0,0,0,0,0,0.16,0,0.16,0.16,0.16,Matches
Anthony Elanga,se SWE,FW,Nott'ham Forest,22-176,2002,7,4,361,4,0,1,1,0,0,0,1,0,0.6,0.6,0.6,1.1,11,8,22,0,0.25,0.25,0,0.25,0.14,0.14,0.28,0.14,0.28,Matches
Anthony Gordon,eng ENG,FW,Newcastle Utd,23-239,2001,8,8,682,7.6,2,0,2,1,1,2,0,0,3.3,1.8,1.5,3.2,29,10,63,0.26,0,0.26,0.13,0.13,0.44,0.2,0.64,0.23,0.43,Matches
Antoine Semenyo,gh GHA,FW,Bournemouth,24-287,2000,8,8,697,7.7,3,1,4,3,0,0,3,0,2.9,2.9,1.9,4.8,25,16,61,0.39,0.13,0.52,0.39,0.52,0.37,0.24,0.61,0.37,0.61,Matches
Antonee Robinson,us USA,DF,Fulham,27-073,1997,8,8,720,8,0,2,2,0,0,0,1,0,0.1,0.1,0.6,0.7,19,19,54,0,0.25,0.25,0,0.25,0.02,0.07,0.09,0.02,0.09,Matches
Antony,br BRA,FW,Manchester Utd,24-239,2000,2,0,28,0.3,0,0,0,0,0,0,0,0,0.1,0.1,0.1,0.2,1,0,1,0,0,0,0,0,0.47,0.22,0.7,0.47,0.7,Matches
Archie Gray,eng ENG,"MF,DF",Tottenham,18-222,2006,4,0,37,0.4,0,0,0,0,0,0,0,0,0,0,0,0,0,3,1,0,0,0,0,0,0,0,0,0,0,Matches
Arijanet Muric,xk KVX,GK,Ipswich Town,25-348,1998,7,7,630,7,0,0,0,0,0,0,0,0,0,0,0,0,0,0,0,0,0,0,0,0,0,0,0,0,0,Matches
Ashley Young,eng ENG,DF,Everton,39-103,1985,6,6,515,5.7,0,2,2,0,0,0,1,1,0,0,0.4,0.4,5,37,5,0,0.35,0.35,0,0.35,0.01,0.06,0.07,0.01,0.07,Matches
Axel Disasi,fr FRA,DF,Chelsea,26-223,1998,2,1,94,1,0,0,0,0,0,0,0,0,0,0,0,0,1,5,0,0,0,0,0,0,0,0,0,0,0,Matches
Axel Tuanzebe,cd COD,DF,Ipswich Town,26-341,1997,6,6,512,5.7,0,0,0,0,0,0,1,0,0.2,0.2,0.2,0.4,3,16,2,0,0,0,0,0,0.03,0.04,0.07,0.03,0.07,Matches
Bart Verbruggen,nl NED,GK,Brighton,22-063,2002,6,6,540,6,0,0,0,0,0,0,2,0,0,0,0,0,0,0,0,0,0,0,0,0,0,0,0,0,0,Matches
Ben Brereton,cl CHI,FW,Southampton,25-185,1999,6,4,389,4.3,0,0,0,0,0,0,1,0,0.8,0.8,0.1,0.9,11,8,36,0,0,0,0,0,0.18,0.02,0.2,0.18,0.2,Matches
Ben Johnson,eng ENG,DF,Ipswich Town,24-270,2000,4,2,223,2.5,0,1,1,0,0,0,0,0,0,0,0.3,0.3,4,9,4,0,0.4,0.4,0,0.4,0,0.12,0.12,0,0.12,Matches
Ben Mee,eng ENG,DF,Brentford,35-029,1989,1,0,1,0,0,0,0,0,0,0,0,0,0,0,0,0,0,0,0,0,0,0,0,0,0,0,0,0,0,Matches
Ben White,eng ENG,DF,Arsenal,27-012,1997,6,5,495,5.5,0,0,0,0,0,0,1,0,0.1,0.1,0,0.1,2,19,10,0,0,0,0,0,0.02,0,0.02,0.02,0.02,Matches
Bernardo Silva,pt POR,"MF,FW",Manchester City,30-071,1994,7,6,547,6.1,0,3,3,0,0,0,2,0,0.9,0.9,2.3,3.2,26,29,55,0,0.49,0.49,0,0.49,0.15,0.37,0.52,0.15,0.52,Matches
Bernd Leno,de GER,GK,Fulham,32-230,1992,8,8,720,8,0,1,1,0,0,0,2,0,0,0,0.1,0.1,0,0,0,0,0.12,0.12,0,0.12,0,0.01,0.01,0,0.01,Matches
Beto,gw GNB,FW,Everton,26-263,1998,4,0,47,0.5,0,0,0,0,0,0,0,0,0,0,0,0,1,1,1,0,0,0,0,0,0,0,0,0,0,Matches
Bilal El Khannouss,ma MAR,MF,Leicester City,20-163,2004,4,2,147,1.6,0,0,0,0,0,0,0,0,0.1,0.1,0.5,0.6,4,11,9,0,0,0,0,0,0.05,0.31,0.36,0.05,0.36,Matches
Billy Gilmour,sct SCO,MF,Brighton,23-131,2001,2,1,98,1.1,0,0,0,0,0,0,0,0,0.1,0.1,0,0.1,2,11,2,0,0,0,0,0,0.07,0,0.07,0.07,0.07,Matches
Bobby Reid,jm JAM,FW,Leicester City,31-261,1993,6,2,162,1.8,0,0,0,0,0,0,0,0,0.1,0.1,0.1,0.2,5,3,9,0,0,0,0,0,0.06,0.07,0.13,0.06,0.13,Matches
Boubakary Soumaré,fr FRA,MF,Leicester City,25-236,1999,2,0,15,0.2,0,0,0,0,0,0,1,0,0,0,0,0,0,0,1,0,0,0,0,0,0,0,0,0,0,Matches
Brajan Gruda,de GER,FW,Brighton,20-142,2004,1,0,4,0,0,0,0,0,0,0,0,0,0,0,0,0,0,0,1,0,0,0,0,0,0,0,0,0,0,Matches
Brennan Johnson,wls WAL,FW,Tottenham,23-150,2001,8,7,603,6.7,3,0,3,3,0,0,1,0,3.4,3.4,0.5,3.9,27,23,78,0.45,0,0.45,0.45,0.45,0.5,0.08,0.59,0.5,0.59,Matches
Bruno Fernandes,pt POR,"MF,FW",Manchester Utd,30-042,1994,8,8,659,7.3,0,2,2,0,0,0,1,1,2,2,1.6,3.6,17,59,39,0,0.27,0.27,0,0.27,0.28,0.21,0.49,0.28,0.49,Matches
Bruno Guimar?es,br BRA,MF,Newcastle Utd,26-339,1997,8,8,710,7.9,0,1,1,0,0,0,2,0,0.5,0.5,0.6,1,12,54,9,0,0.13,0.13,0,0.13,0.06,0.07,0.13,0.06,0.13,Matches
Bryan Mbeumo,cm CMR,FW,Brentford,25-074,1999,8,8,719,8,6,0,6,5,1,1,2,0,2.9,2.1,1.7,3.8,30,24,64,0.75,0,0.75,0.63,0.63,0.36,0.22,0.58,0.26,0.48,Matches
Bukayo Saka,eng ENG,"MF,FW",Arsenal,23-045,2001,7,7,566,6.3,2,7,9,2,0,0,1,0,2,2,3.5,5.6,31,30,75,0.32,1.11,1.43,0.32,1.43,0.33,0.56,0.89,0.33,0.89,Matches
Caleb Okoli,it ITA,DF,Leicester City,23-099,2001,6,6,538,6,0,0,0,0,0,0,1,0,0.1,0.1,0,0.1,2,13,0,0,0,0,0,0,0.02,0,0.02,0.02,0.02,Matches
Callum Hudson-Odoi,eng ENG,FW,Nott'ham Forest,23-348,2000,7,5,481,5.3,1,0,1,1,0,0,1,0,0.6,0.6,0.9,1.4,31,16,41,0.19,0,0.19,0.19,0.19,0.11,0.16,0.27,0.11,0.27,Matches
Calvin Bassey,ng NGA,DF,Fulham,24-294,1999,8,8,720,8,0,0,0,0,0,0,3,0,0.2,0.2,0,0.2,6,22,2,0,0,0,0,0,0.02,0,0.02,0.02,0.02,Matches
Cameron Archer,eng ENG,FW,Southampton,23-091,2001,8,3,351,3.9,2,0,2,2,0,1,0,0,3.3,2.5,0,2.5,5,2,15,0.51,0,0.51,0.51,0.51,0.86,0,0.86,0.66,0.66,Matches
Cameron Burgess,au AUS,DF,Ipswich Town,28-365,1995,1,1,90,1,0,0,0,0,0,0,0,0,0.1,0.1,0,0.1,1,6,0,0,0,0,0,0,0.08,0,0.08,0.08,0.08,Matches
Caoimhín Kelleher,ie IRL,GK,Liverpool,25-332,1998,1,1,90,1,0,0,0,0,0,0,0,0,0,0,0,0,0,0,0,0,0,0,0,0,0,0,0,0,0,Matches
Carlos Alcaraz,ar ARG,MF,Southampton,21-325,2002,1,0,10,0.1,0,0,0,0,0,0,0,0,0.1,0.1,0.1,0.2,4,6,1,0,0,0,0,0,0.62,0.86,1.48,0.62,1.48,Matches
Carlos Baleba,cm CMR,MF,Brighton,20-291,2004,7,6,492,5.5,1,1,2,1,0,0,1,0,0.7,0.7,0.2,1,8,31,3,0.18,0.18,0.37,0.18,0.37,0.14,0.04,0.18,0.14,0.18,Matches
Carlos Forbs,pt POR,MF,Wolves,20-215,2004,3,1,111,1.2,0,0,0,0,0,0,2,0,0.1,0.1,0,0.1,4,6,14,0,0,0,0,0,0.09,0.03,0.12,0.09,0.12,Matches
Carlos Soler,es ESP,MF,West Ham,27-292,1997,5,0,154,1.7,0,0,0,0,0,0,3,0,0.2,0.2,0.1,0.3,2,9,3,0,0,0,0,0,0.12,0.04,0.15,0.12,0.15,Matches
Casemiro,br BRA,MF,Manchester Utd,32-240,1992,7,4,367,4.1,0,0,0,0,0,0,0,0,0.5,0.5,1.4,1.9,1,21,7,0,0,0,0,0,0.12,0.34,0.46,0.12,0.46,Matches
Chadi Riad,ma MAR,DF,Crystal Palace,21-125,2003,1,1,90,1,0,0,0,0,0,0,0,0,0,0,0,0,2,7,0,0,0,0,0,0,0,0,0,0,0,Matches
Charlie Taylor,eng ENG,DF,Southampton,31-032,1993,5,2,209,2.3,0,0,0,0,0,0,1,0,0,0,0.1,0.1,2,6,6,0,0,0,0,0,0,0.03,0.03,0,0.03,Matches
Cheick Doucouré,ml MLI,MF,Crystal Palace,24-286,2000,3,1,93,1,0,0,0,0,0,0,0,0,0,0,0,0,1,6,0,0,0,0,0,0,0.04,0,0.04,0.04,0.04,Matches
Chiedozie Ogbene,ie IRL,FW,Ipswich Town,27-172,1997,4,2,204,2.3,0,0,0,0,0,0,0,0,0,0,0.1,0.1,6,0,13,0,0,0,0,0,0,0.03,0.03,0,0.03,Matches
Chiquinho,pt POR,MF,Wolves,24-258,2000,1,0,7,0.1,0,0,0,0,0,0,0,0,0,0,0,0,0,0,0,0,0,0,0,0,0,0.42,0.42,0,0.42,Matches
Chris Richards,us USA,DF,Crystal Palace,24-206,2000,4,4,344,3.8,0,0,0,0,0,0,1,0,0.1,0.1,0,0.1,2,5,1,0,0,0,0,0,0.03,0,0.03,0.03,0.03,Matches
Chris Wood,nz NZL,FW,Nott'ham Forest,32-318,1991,7,7,558,6.2,4,0,4,3,1,1,1,0,2.5,1.7,0.7,2.5,4,7,14,0.65,0,0.65,0.48,0.48,0.4,0.12,0.52,0.28,0.4,Matches
Christian Eriksen,dk DEN,MF,Manchester Utd,32-249,1992,6,4,350,3.9,0,0,0,0,0,0,2,0,0.1,0.1,1.5,1.6,3,23,12,0,0,0,0,0,0.02,0.39,0.41,0.02,0.41,Matches
Christian Nørgaard,dk DEN,MF,Brentford,30-224,1994,6,6,526,5.8,1,0,1,1,0,0,2,0,0.9,0.9,0.2,1.1,4,20,9,0.17,0,0.17,0.17,0.17,0.15,0.03,0.18,0.15,0.18,Matches
Christian Walton,eng ENG,GK,Ipswich Town,28-346,1995,1,1,90,1,0,0,0,0,0,0,0,0,0,0,0,0,0,0,0,0,0,0,0,0,0,0,0,0,0,Matches
Christopher Nkunku,fr FRA,FW,Chelsea,26-341,1997,7,1,131,1.5,1,0,1,1,0,0,0,0,1.6,1.6,0.3,1.8,3,5,14,0.69,0,0.69,0.69,0.69,1.06,0.2,1.26,1.06,1.26,Matches
Cody Gakpo,nl NED,FW,Liverpool,25-166,1999,7,1,214,2.4,0,1,1,0,0,0,2,0,0.5,0.5,0.7,1.2,4,7,35,0,0.42,0.42,0,0.42,0.21,0.3,0.51,0.21,0.51,Matches
Cole Palmer,eng ENG,"MF,FW",Chelsea,22-167,2002,7,7,595,6.6,6,5,11,5,1,1,3,0,4.4,3.6,3.8,7.3,24,47,32,0.91,0.76,1.66,0.76,1.51,0.66,0.57,1.23,0.54,1.11,Matches
Conor Bradley,nir NIR,DF,Liverpool,21-103,2003,4,0,79,0.9,0,0,0,0,0,0,0,0,0.2,0.2,0,0.2,6,5,5,0,0,0,0,0,0.26,0,0.26,0.26,0.26,Matches
Conor Chaplin,eng ENG,"MF,FW",Ipswich Town,27-247,1997,7,1,129,1.4,0,0,0,0,0,0,0,0,0.1,0.1,0.1,0.2,1,7,7,0,0,0,0,0,0.1,0.07,0.17,0.1,0.17,Matches
Conor Coady,eng ENG,DF,Leicester City,31-238,1993,1,0,8,0.1,0,0,0,0,0,0,1,0,0,0,0,0,0,0,0,0,0,0,0,0,0,0,0,0,0,Matches
Craig Dawson,eng ENG,DF,Wolves,34-167,1990,6,4,391,4.3,0,0,0,0,0,0,1,0,0.1,0.1,0,0.2,4,11,3,0,0,0,0,0,0.03,0.01,0.04,0.03,0.04,Matches
Cristian Romero,ar ARG,DF,Tottenham,26-176,1998,8,8,720,8,1,0,1,1,0,0,0,0,1,1,0.3,1.2,7,35,1,0.12,0,0.12,0.12,0.12,0.12,0.03,0.16,0.12,0.16,Matches
Crysencio Summerville,nl NED,"FW,MF",West Ham,22-356,2001,7,1,174,1.9,0,0,0,0,0,0,0,0,0.1,0.1,0.3,0.4,7,1,21,0,0,0,0,0,0.06,0.14,0.2,0.06,0.2,Matches
Curtis Jones,eng ENG,MF,Liverpool,23-264,2001,4,1,152,1.7,0,0,0,0,0,0,0,0,0.3,0.3,0,0.3,1,7,3,0,0,0,0,0,0.15,0.03,0.18,0.15,0.18,Matches
Daichi Kamada,jp JPN,MF,Crystal Palace,28-076,1996,7,4,365,4.1,0,0,0,0,0,0,1,0,0.2,0.2,0.2,0.4,10,24,21,0,0,0,0,0,0.06,0.04,0.1,0.06,0.1,Matches
Dan Burn,eng ENG,DF,Newcastle Utd,32-164,1992,8,8,720,8,0,0,0,0,0,0,4,0,0.4,0.4,0.1,0.5,0,13,3,0,0,0,0,0,0.05,0.01,0.06,0.05,0.06,Matches
Dango Ouattara,bf BFA,"FW,DF",Bournemouth,22-252,2002,7,3,324,3.6,1,1,2,1,0,0,0,0,1.5,1.5,1.2,2.7,21,6,43,0.28,0.28,0.56,0.28,0.56,0.41,0.34,0.75,0.41,0.75,Matches
Daniel Jebbison,eng ENG,FW,Bournemouth,21-068,2003,2,0,28,0.3,0,0,0,0,0,0,0,0,0,0,0,0,1,0,1,0,0,0,0,0,0,0.07,0.07,0,0.07,Matches
Daniel Muñoz,co COL,"DF,MF",Crystal Palace,28-147,1996,7,7,546,6.1,0,0,0,0,0,0,1,0,0.3,0.3,0.3,0.7,10,18,44,0,0,0,0,0,0.05,0.05,0.11,0.05,0.11,Matches
Daniel Podence,pt POR,"MF,FW",Wolves,28-365,1995,2,0,48,0.5,0,0,0,0,0,0,0,0,0,0,0,0,1,2,3,0,0,0,0,0,0.07,0,0.07,0.07,0.07,Matches
Danilo,br BRA,MF,Nott'ham Forest,23-174,2001,1,1,14,0.2,0,0,0,0,0,0,0,0,0,0,0,0,0,0,0,0,0,0,0,0,0,0,0,0,0,Matches
Danny Ings,eng ENG,"FW,MF",West Ham,32-089,1992,3,0,31,0.3,1,0,1,1,0,0,0,0,0.5,0.5,0,0.5,0,0,2,2.9,0,2.9,2.9,2.9,1.44,0,1.44,1.44,1.44,Matches
Danny Welbeck,eng ENG,FW,Brighton,33-329,1990,8,8,676,7.5,5,1,6,5,0,0,1,0,3.9,3.9,0.4,4.3,6,18,29,0.67,0.13,0.8,0.67,0.8,0.52,0.05,0.57,0.52,0.57,Matches
Dara O'Shea,ie IRL,DF,Ipswich Town,25-230,1999,5,5,422,4.7,0,0,0,0,0,0,1,0,0.4,0.4,0,0.4,1,12,0,0,0,0,0,0,0.09,0,0.09,0.09,0.09,Matches
Darwin Núñez,uy URU,FW,Liverpool,25-118,1999,4,1,136,1.5,1,0,1,1,0,0,0,0,0.5,0.5,0,0.5,6,4,12,0.66,0,0.66,0.66,0.66,0.3,0.01,0.31,0.3,0.31,Matches
David Brooks,wls WAL,MF,Bournemouth,27-104,1997,1,0,10,0.1,0,0,0,0,0,0,0,0,0,0,0.3,0.3,0,3,6,0,0,0,0,0,0,2.71,2.71,0,2.71,Matches
David Raya,es ESP,GK,Arsenal,29-035,1995,8,8,720,8,0,0,0,0,0,0,1,0,0,0,0,0,0,3,0,0,0,0,0,0,0,0,0,0,0,Matches
Dean Henderson,eng ENG,GK,Crystal Palace,27-222,1997,7,7,630,7,0,0,0,0,0,0,1,0,0,0,0,0,0,0,0,0,0,0,0,0,0,0,0,0,0,Matches
Dean Huijsen,es ESP,DF,Bournemouth,19-189,2005,3,2,194,2.2,0,0,0,0,0,0,1,0,0,0,0.1,0.1,0,8,1,0,0,0,0,0,0.02,0.04,0.05,0.02,0.05,Matches
Declan Rice,eng ENG,MF,Arsenal,25-280,1999,7,7,582,6.5,0,0,0,0,0,0,4,1,0.4,0.4,0.9,1.3,18,44,23,0,0,0,0,0,0.06,0.14,0.2,0.06,0.2,Matches
Dejan Kulusevski,se SWE,"MF,FW",Tottenham,24-178,2000,8,7,618,6.9,2,1,3,2,0,0,2,0,1.3,1.3,2,3.3,33,42,59,0.29,0.15,0.44,0.29,0.44,0.19,0.29,0.48,0.19,0.48,Matches
Destiny Udogie,it ITA,DF,Tottenham,21-327,2002,8,8,654,7.3,0,1,1,0,0,0,2,0,0.3,0.3,0.5,0.8,19,42,43,0,0.14,0.14,0,0.14,0.04,0.07,0.11,0.04,0.11,Matches
Diego Carlos,br BRA,DF,Aston Villa,31-219,1993,4,3,349,3.9,0,0,0,0,0,0,0,0,0,0,0,0,1,12,0,0,0,0,0,0,0,0,0,0,0,Matches
Diogo Dalot,pt POR,DF,Manchester Utd,25-216,1999,8,8,720,8,0,1,1,0,0,0,2,0,0.5,0.5,1,1.5,9,34,25,0,0.12,0.12,0,0.12,0.06,0.13,0.19,0.06,0.19,Matches
Diogo Jota,pt POR,FW,Liverpool,27-321,1996,6,6,463,5.1,2,2,4,2,0,0,1,0,2.7,2.7,0.8,3.5,11,5,33,0.39,0.39,0.78,0.39,0.78,0.53,0.15,0.68,0.53,0.68,Matches
Djed Spence,eng ENG,DF,Tottenham,24-072,2000,3,0,64,0.7,0,0,0,0,0,0,1,0,0,0,0,0,3,4,5,0,0,0,0,0,0,0,0,0,0,Matches
Dominic Calvert-Lewin,eng ENG,FW,Everton,27-218,1997,8,8,683,7.6,2,1,3,2,0,0,1,0,3.4,3.4,0.2,3.6,7,8,50,0.26,0.13,0.4,0.26,0.4,0.44,0.03,0.47,0.44,0.47,Matches
Dominic Solanke,eng ENG,FW,Tottenham,27-036,1997,6,6,527,5.9,2,1,3,2,0,0,0,0,3.5,3.5,0.8,4.3,12,14,22,0.34,0.17,0.51,0.34,0.51,0.6,0.13,0.73,0.6,0.73,Matches
Dominik Szoboszlai,hu HUN,MF,Liverpool,23-361,2000,7,6,537,6,0,1,1,0,0,0,2,0,1.2,1.2,1.1,2.3,17,23,25,0,0.17,0.17,0,0.17,0.21,0.18,0.39,0.21,0.39,Matches
Dwight McNeil,eng ENG,"MF,FW",Everton,24-333,1999,8,8,712,7.9,3,3,6,3,0,0,1,0,0.6,0.6,2.6,3.2,16,39,37,0.38,0.38,0.76,0.38,0.76,0.08,0.33,0.41,0.08,0.41,Matches
Eberechi Eze,eng ENG,"MF,FW",Crystal Palace,26-113,1998,7,7,629,7,1,0,1,1,0,0,0,0,2.5,2.5,0.8,3.3,20,39,49,0.14,0,0.14,0.14,0.14,0.36,0.11,0.47,0.36,0.47,Matches
Eddie Nketiah,eng ENG,"MF,FW",Crystal Palace,25-143,1999,4,4,317,3.5,0,0,0,0,0,0,1,0,0.6,0.6,0.1,0.8,10,6,19,0,0,0,0,0,0.18,0.04,0.22,0.18,0.22,Matches
Ederson,br BRA,GK,Manchester City,31-064,1993,7,7,630,7,0,1,1,0,0,0,3,0,0,0,0.4,0.4,0,1,0,0,0.14,0.14,0,0.14,0,0.05,0.05,0,0.05,Matches
Edson Álvarez,mx MEX,"MF,DF",West Ham,26-362,1997,6,3,274,3,0,0,0,0,0,0,2,0,0.1,0.1,0.1,0.2,1,13,3,0,0,0,0,0,0.02,0.05,0.07,0.02,0.07,Matches
Elliot Anderson,eng ENG,"MF,FW",Nott'ham Forest,21-349,2002,7,6,421,4.7,0,1,1,0,0,0,1,0,0.2,0.2,0.2,0.4,9,17,21,0,0.21,0.21,0,0.21,0.05,0.03,0.09,0.05,0.09,Matches
Emerson Palmieri,it ITA,DF,West Ham,30-078,1994,8,8,593,6.6,0,0,0,0,0,0,2,0,0.1,0.1,0.8,0.8,10,22,30,0,0,0,0,0,0.01,0.12,0.13,0.01,0.13,Matches
Emi Buendía,ar ARG,"MF,FW",Aston Villa,27-300,1996,4,0,23,0.3,0,0,0,0,0,0,0,0,0.1,0.1,0,0.1,2,3,4,0,0,0,0,0,0.34,0,0.34,0.34,0.34,Matches
Emil Krafth,se SWE,DF,Newcastle Utd,30-079,1994,3,2,241,2.7,0,0,0,0,0,0,0,0,0,0,0.1,0.1,0,1,0,0,0,0,0,0,0.01,0.03,0.05,0.01,0.05,Matches
Emile Smith Rowe,eng ENG,MF,Fulham,24-084,2000,8,7,549,6.1,2,1,3,2,0,0,1,0,1.5,1.5,0.4,1.9,16,33,31,0.33,0.16,0.49,0.33,0.49,0.24,0.07,0.31,0.24,0.31,Matches
Emiliano Martínez,ar ARG,GK,Aston Villa,32-048,1992,8,8,720,8,0,0,0,0,0,0,1,0,0,0,0,0,0,0,0,0,0,0,0,0,0,0,0,0,0,Matches
Enes Ünal,tr TUR,FW,Bournemouth,27-163,1997,5,0,64,0.7,0,0,0,0,0,0,0,0,0.6,0.6,0.1,0.7,3,5,5,0,0,0,0,0,0.78,0.19,0.97,0.78,0.97,Matches
Enzo Fernández,ar ARG,MF,Chelsea,23-277,2001,6,6,511,5.7,0,0,0,0,0,0,1,0,0.3,0.3,1,1.3,4,31,16,0,0,0,0,0,0.05,0.18,0.23,0.05,0.23,Matches
Erling Haaland,no NOR,FW,Manchester City,24-091,2000,7,7,629,7,10,0,10,9,1,1,1,0,6.5,5.7,0.5,6.1,6,3,30,1.43,0,1.43,1.29,1.29,0.92,0.07,0.99,0.81,0.88,Matches
Ethan Nwaneri,eng ENG,"MF,FW",Arsenal,17-213,2007,3,0,21,0.2,0,0,0,0,0,0,0,0,0,0,0.1,0.1,3,2,4,0,0,0,0,0,0.09,0.45,0.54,0.09,0.54,Matches
Ethan Pinnock,jm JAM,DF,Brentford,31-144,1993,8,8,720,8,2,0,2,2,0,0,1,0,0.9,0.9,0.1,1,1,15,4,0.25,0,0.25,0.25,0.25,0.11,0.02,0.13,0.11,0.13,Matches
Evan Ferguson,ie IRL,FW,Brighton,20-001,2004,4,1,84,0.9,0,0,0,0,0,0,0,0,0.1,0.1,0,0.1,0,1,3,0,0,0,0,0,0.08,0,0.08,0.08,0.08,Matches
Evanilson,br BRA,FW,Bournemouth,25-014,1999,7,7,514,5.7,1,0,1,1,0,1,0,0,2.5,1.7,0.6,2.3,3,5,14,0.18,0,0.18,0.18,0.18,0.44,0.11,0.55,0.3,0.41,Matches
Ezri Konsa,eng ENG,DF,Aston Villa,26-363,1997,7,7,551,6.1,1,0,1,1,0,0,0,0,0.3,0.3,0,0.3,8,26,4,0.16,0,0.16,0.16,0.16,0.05,0,0.05,0.05,0.05,Matches
Fabian Schär,ch SUI,DF,Newcastle Utd,32-305,1991,6,6,477,5.3,1,0,1,1,0,0,2,1,0.6,0.6,0.2,0.8,3,25,6,0.19,0,0.19,0.19,0.19,0.12,0.04,0.16,0.12,0.16,Matches
Fabio Carvalho,pt POR,"FW,MF",Brentford,22-051,2002,8,2,261,2.9,1,1,2,1,0,0,0,0,1.1,1.1,0.5,1.7,5,7,10,0.34,0.34,0.69,0.34,0.69,0.39,0.18,0.58,0.39,0.58,Matches
Facundo Buonanotte,ar ARG,"FW,MF",Leicester City,19-302,2004,7,5,461,5.1,3,2,5,3,0,0,3,0,2,2,1.3,3.3,9,16,20,0.59,0.39,0.98,0.59,0.98,0.38,0.25,0.64,0.38,0.64,Matches
Federico Chiesa,it ITA,FW,Liverpool,26-361,1997,1,0,19,0.2,0,0,0,0,0,0,0,0,0.2,0.2,0,0.2,1,0,2,0,0,0,0,0,0.76,0,0.76,0.76,0.76,Matches
Ferdi Kadioglu,tr TUR,"DF,MF",Brighton,25-013,1999,4,3,228,2.5,0,0,0,0,0,0,0,0,0.2,0.2,0.1,0.3,1,13,15,0,0,0,0,0,0.08,0.05,0.13,0.08,0.13,Matches
Flynn Downes,eng ENG,MF,Southampton,25-274,1999,8,8,720,8,0,0,0,0,0,0,3,0,0.4,0.4,0.8,1.2,12,33,16,0,0,0,0,0,0.05,0.1,0.15,0.05,0.15,Matches
Frank Onyeka,ng NGA,MF,Brentford,26-293,1998,2,0,25,0.3,0,0,0,0,0,0,0,0,0,0,0,0,0,1,0,0,0,0,0,0,0,0,0,0,0,Matches
Gabriel Jesus,br BRA,"FW,MF",Arsenal,27-200,1997,6,1,91,1,0,0,0,0,0,0,2,0,0.5,0.5,0.4,0.9,6,2,7,0,0,0,0,0,0.48,0.39,0.87,0.48,0.87,Matches
Gabriel Magalh?es,br BRA,DF,Arsenal,26-306,1997,8,8,720,8,2,0,2,2,0,0,1,0,1.4,1.4,0.3,1.7,2,23,4,0.25,0,0.25,0.25,0.25,0.18,0.03,0.22,0.18,0.22,Matches
Gabriel Martinelli,br BRA,"MF,FW",Arsenal,23-124,2001,8,5,467,5.2,2,2,4,2,0,0,0,0,1.3,1.3,1.6,3,29,11,56,0.39,0.39,0.77,0.39,0.77,0.26,0.31,0.57,0.26,0.57,Matches
George Edmundson,eng ENG,DF,Ipswich Town,27-050,1997,1,0,2,0,0,0,0,0,0,0,0,0,0,0,0,0,0,0,0,0,0,0,0,0,0,0,0,0,0,Matches
George Hirst,eng ENG,FW,Ipswich Town,25-248,1999,5,0,71,0.8,0,0,0,0,0,0,0,0,0.5,0.5,0,0.5,0,3,6,0,0,0,0,0,0.64,0.04,0.68,0.64,0.68,Matches
Georginio Rutter,fr FRA,"MF,FW",Brighton,22-183,2002,7,5,369,4.1,2,1,3,2,0,0,0,0,1.3,1.3,0.8,2.1,11,25,24,0.49,0.24,0.73,0.49,0.73,0.31,0.19,0.5,0.31,0.5,Matches
Gonçalo Guedes,pt POR,"MF,FW",Wolves,27-326,1996,4,0,70,0.8,0,0,0,0,0,0,0,0,0,0,0.1,0.1,1,1,6,0,0,0,0,0,0.05,0.14,0.19,0.05,0.19,Matches
Guglielmo Vicario,it ITA,GK,Tottenham,28-013,1996,8,8,720,8,0,0,0,0,0,0,1,0,0,0,0,0,0,1,0,0,0,0,0,0,0,0,0,0,0,Matches
Guido Rodríguez,ar ARG,MF,West Ham,30-191,1994,8,8,599,6.7,0,0,0,0,0,0,2,0,0.1,0.1,0,0.1,1,20,2,0,0,0,0,0,0.01,0,0.01,0.01,0.01,Matches
Hamza Choudhury,eng ENG,MF,Leicester City,27-019,1997,1,0,15,0.2,0,0,0,0,0,0,0,0,0,0,0,0,0,0,0,0,0,0,0,0,0,0,0,0,0,Matches
Harrison Armstrong,eng ENG,MF,Everton,17-275,2007,1,0,1,0,0,0,0,0,0,0,0,0,0,0,0,0,0,0,0,0,0,0,0,0,0,0,0,0,0,Matches
Harrison Reed,eng ENG,MF,Fulham,29-267,1995,6,0,47,0.5,0,0,0,0,0,0,2,0,0,0,0.1,0.1,1,2,6,0,0,0,0,0,0,0.14,0.14,0,0.14,Matches
Harry Clarke,eng ENG,DF,Ipswich Town,23-232,2001,1,0,28,0.3,0,0,0,0,0,0,0,0,0,0,0,0,2,2,0,0,0,0,0,0,0,0,0,0,0,Matches
Harry Maguire,eng ENG,DF,Manchester Utd,31-229,1993,5,3,242,2.7,0,0,0,0,0,0,3,0,0,0,0,0.1,1,11,0,0,0,0,0,0,0.01,0.01,0.02,0.01,0.02,Matches
Harry Toffolo,eng ENG,DF,Nott'ham Forest,29-062,1995,1,0,37,0.4,0,0,0,0,0,0,0,0,0,0,0,0,0,1,4,0,0,0,0,0,0.04,0,0.04,0.04,0.04,Matches
Harry Wilson,wls WAL,FW,Fulham,27-212,1997,4,0,50,0.6,0,0,0,0,0,0,1,0,0,0,0,0,2,2,7,0,0,0,0,0,0,0,0,0,0,Matches
Harry Winks,eng ENG,MF,Leicester City,28-261,1996,7,6,585,6.5,0,1,1,0,0,0,2,0,0,0,0.5,0.5,5,33,4,0,0.15,0.15,0,0.15,0,0.07,0.07,0,0.07,Matches
Harvey Barnes,eng ENG,FW,Newcastle Utd,26-316,1997,8,4,411,4.6,3,1,4,3,0,0,0,0,1.9,1.9,1.9,3.8,22,23,43,0.66,0.22,0.88,0.66,0.88,0.41,0.42,0.83,0.41,0.83,Matches
Harvey Elliott,eng ENG,FW,Liverpool,21-199,2003,1,0,8,0.1,0,0,0,0,0,0,0,0,0,0,0,0,1,0,3,0,0,0,0,0,0,0,0,0,0,Matches
Hwang Hee-chan,kr KOR,"FW,MF",Wolves,28-268,1996,6,2,256,2.8,0,0,0,0,0,0,0,0,0,0,0.1,0.1,5,3,7,0,0,0,0,0,0,0.04,0.04,0,0.04,Matches
Ian Maatsen,nl NED,"DF,MF",Aston Villa,22-224,2002,7,0,124,1.4,0,0,0,0,0,0,0,0,0,0,0.8,0.9,3,8,10,0,0,0,0,0,0.01,0.62,0.62,0.01,0.62,Matches
Ibrahim Sangaré,ci CIV,MF,Nott'ham Forest,26-323,1997,3,3,212,2.4,0,0,0,0,0,0,2,0,0,0,0,0,0,8,2,0,0,0,0,0,0.01,0.01,0.01,0.01,0.01,Matches
Ibrahima Konaté,fr FRA,DF,Liverpool,25-148,1999,7,6,569,6.3,1,1,2,1,0,0,2,0,0.4,0.4,0.2,0.6,3,22,0,0.16,0.16,0.32,0.16,0.32,0.06,0.03,0.09,0.06,0.09,Matches
Idrissa Gana Gueye,sn SEN,MF,Everton,35-024,1989,7,5,464,5.2,0,0,0,0,0,0,0,0,0.6,0.6,0,0.6,5,20,4,0,0,0,0,0,0.11,0,0.11,0.11,0.11,Matches
Igor,br BRA,DF,Brighton,26-256,1998,3,1,206,2.3,0,0,0,0,0,0,1,0,0.1,0.1,0,0.1,3,10,0,0,0,0,0,0,0.03,0,0.03,0.03,0.03,Matches
Iliman Ndiaye,sn SEN,FW,Everton,24-228,2000,8,6,565,6.3,2,0,2,2,0,0,1,0,0.8,0.8,0.4,1.2,28,13,28,0.32,0,0.32,0.32,0.32,0.13,0.07,0.2,0.13,0.2,Matches
Illia Zabarnyi,ua UKR,DF,Bournemouth,22-049,2002,8,8,720,8,0,0,0,0,0,0,0,0,0.3,0.3,0.1,0.4,2,33,1,0,0,0,0,0,0.04,0.01,0.05,0.04,0.05,Matches
Ismaila Sarr,sn SEN,"FW,MF",Crystal Palace,26-238,1998,7,1,223,2.5,0,0,0,0,0,0,1,0,0.6,0.6,0.9,1.5,3,3,21,0,0,0,0,0,0.23,0.37,0.59,0.23,0.59,Matches
Issa Diop,fr FRA,DF,Fulham,27-285,1997,6,3,303,3.4,0,0,0,0,0,0,1,0,0.2,0.2,0,0.2,0,10,1,0,0,0,0,0,0.06,0.01,0.07,0.06,0.07,Matches
Jack Clarke,eng ENG,FW,Ipswich Town,23-332,2000,6,3,303,3.4,0,1,1,0,0,0,1,0,0.6,0.6,0.8,1.3,5,8,18,0,0.3,0.3,0,0.3,0.16,0.23,0.4,0.16,0.4,Matches
Jack Grealish,eng ENG,"FW,MF",Manchester City,29-040,1995,6,4,328,3.6,0,1,1,0,0,0,2,0,0.5,0.5,0.9,1.4,37,14,56,0,0.27,0.27,0,0.27,0.14,0.24,0.38,0.14,0.38,Matches
Jack Harrison,eng ENG,FW,Everton,27-335,1996,8,6,525,5.8,0,0,0,0,0,0,0,0,0.8,0.8,1.4,2.2,16,12,42,0,0,0,0,0,0.14,0.24,0.38,0.14,0.38,Matches
Jack Hinshelwood,eng ENG,"DF,MF",Brighton,19-192,2005,8,8,697,7.7,1,0,1,1,0,0,2,0,0.4,0.4,0.3,0.7,8,26,28,0.13,0,0.13,0.13,0.13,0.05,0.04,0.09,0.05,0.09,Matches
Jack Stephens,eng ENG,DF,Southampton,30-267,1994,4,4,348,3.9,0,0,0,0,0,0,1,1,0.2,0.2,0,0.3,6,23,0,0,0,0,0,0,0.06,0.01,0.07,0.06,0.07,Matches
Jack Taylor,ie IRL,MF,Ipswich Town,26-119,1998,6,0,134,1.5,0,0,0,0,0,0,2,0,0.3,0.3,0,0.3,2,12,4,0,0,0,0,0,0.2,0,0.2,0.2,0.2,Matches
Jacob Greaves,eng ENG,DF,Ipswich Town,24-038,2000,7,7,630,7,0,0,0,0,0,0,1,0,0.4,0.4,0,0.4,1,14,2,0,0,0,0,0,0.06,0,0.06,0.06,0.06,Matches
Jacob Murphy,eng ENG,FW,Newcastle Utd,29-239,1995,8,6,473,5.3,0,2,2,0,0,0,1,0,0.3,0.3,1.4,1.7,14,26,39,0,0.38,0.38,0,0.38,0.06,0.26,0.32,0.06,0.32,Matches
Jacob Ramsey,eng ENG,"FW,MF",Aston Villa,23-145,2001,7,4,419,4.7,0,2,2,0,0,0,0,0,0.5,0.5,1.2,1.7,17,18,37,0,0.43,0.43,0,0.43,0.12,0.25,0.37,0.12,0.37,Matches
Jaden Philogene Bidace,eng ENG,"FW,MF",Aston Villa,22-255,2002,5,1,164,1.8,0,0,0,0,0,0,3,1,0.2,0.2,0,0.2,0,2,6,0,0,0,0,0,0.12,0,0.12,0.12,0.12,Matches
Jadon Sancho,eng ENG,FW,Chelsea,24-209,2000,4,3,260,2.9,0,3,3,0,0,0,1,0,0.1,0.1,1.1,1.2,14,14,31,0,1.04,1.04,0,1.04,0.03,0.38,0.41,0.03,0.41,Matches
Jake O'Brien,ie IRL,DF,Everton,23-158,2001,1,0,27,0.3,0,0,0,0,0,0,1,0,0,0,0,0,0,1,0,0,0,0,0,0,0,0,0,0,0,Matches
Jakub Kiwior,pl POL,DF,Arsenal,24-248,2000,3,0,62,0.7,0,0,0,0,0,0,0,0,0,0,0,0,0,0,0,0,0,0,0,0,0,0,0,0,0,Matches
James Garner,eng ENG,"DF,MF",Everton,23-221,2001,4,2,253,2.8,0,0,0,0,0,0,1,0,0,0,0,0.1,1,3,4,0,0,0,0,0,0.02,0.01,0.02,0.02,0.02,Matches
James Justin,eng ENG,DF,Leicester City,26-240,1998,8,8,720,8,2,1,3,2,0,0,1,0,0.4,0.4,0.3,0.7,7,16,14,0.25,0.12,0.37,0.25,0.37,0.05,0.03,0.08,0.05,0.08,Matches
James Maddison,eng ENG,MF,Tottenham,27-332,1996,8,8,608,6.8,2,3,5,2,0,0,2,0,2.1,2.1,1.8,3.9,16,59,41,0.3,0.44,0.74,0.3,0.74,0.32,0.27,0.58,0.32,0.58,Matches
James Mcatee,eng ENG,FW,Manchester City,22-002,2002,1,0,1,0,0,0,0,0,0,0,0,0,0,0,0,0,0,0,0,0,0,0,0,0,0,0,0,0,0,Matches
James Milner,eng ENG,MF,Brighton,38-290,1986,3,3,169,1.9,0,0,0,0,0,0,1,0,0.2,0.2,0.2,0.4,1,10,10,0,0,0,0,0,0.09,0.12,0.21,0.09,0.21,Matches
James Tarkowski,eng ENG,DF,Everton,31-336,1992,8,8,720,8,0,0,0,0,0,0,1,0,0.6,0.6,0.4,1,1,12,1,0,0,0,0,0,0.08,0.05,0.12,0.08,0.12,Matches
James Ward-Prowse,eng ENG,MF,West Ham,29-354,1994,1,0,18,0.2,0,0,0,0,0,0,0,0,0,0,0,0,1,4,0,0,0,0,0,0,0,0,0,0,0,Matches
James Ward-Prowse,eng ENG,MF,Nott'ham Forest,29-354,1994,4,4,286,3.2,0,0,0,0,0,0,2,1,0.1,0.1,0,0.1,1,11,1,0,0,0,0,0,0.02,0.01,0.02,0.02,0.02,Matches
Jamie Vardy,eng ENG,FW,Leicester City,37-283,1987,8,8,663,7.4,3,0,3,2,1,1,3,0,2.9,2.1,0.2,2.4,7,7,26,0.41,0,0.41,0.27,0.27,0.4,0.03,0.43,0.29,0.32,Matches
Jan Bednarek,pl POL,DF,Southampton,28-191,1996,8,8,710,7.9,0,0,0,0,0,0,2,0,0,0,0.4,0.4,2,22,1,0,0,0,0,0,0,0.06,0.06,0,0.06,Matches
Jan Paul van Hecke,nl NED,DF,Brighton,24-134,2000,6,5,460,5.1,0,1,1,0,0,0,1,0,0.1,0.1,0.1,0.2,8,46,0,0,0.2,0.2,0,0.2,0.01,0.02,0.03,0.01,0.03,Matches
Jannik Vestergaard,dk DEN,DF,Leicester City,32-078,1992,2,2,180,2,0,0,0,0,0,0,1,0,0,0,0,0,0,3,0,0,0,0,0,0,0,0,0,0,0,Matches
Jarell Quansah,eng ENG,DF,Liverpool,21-265,2003,1,1,45,0.5,0,0,0,0,0,0,0,0,0,0,0,0,0,0,0,0,0,0,0,0,0,0,0,0,0,Matches
Jarrad Branthwaite,eng ENG,DF,Everton,22-115,2002,1,1,90,1,0,0,0,0,0,0,0,0,0,0,0,0,0,1,0,0,0,0,0,0,0,0,0,0,0,Matches
Jarrod Bowen,eng ENG,"MF,FW",West Ham,27-305,1996,8,8,696,7.7,2,2,4,2,0,0,0,0,1,1,2.4,3.3,30,29,43,0.26,0.26,0.52,0.26,0.52,0.12,0.31,0.43,0.12,0.43,Matches
Jason Steele,eng ENG,GK,Brighton,34-063,1990,2,2,180,2,0,0,0,0,0,0,0,0,0,0,0,0,0,0,0,0,0,0,0,0,0,0,0,0,0,Matches
Jay Stansfield,eng ENG,MF,Fulham,21-331,2002,1,0,1,0,0,0,0,0,0,0,0,0,0,0,0,0,0,0,0,0,0,0,0,0,0,0,0,0,0,Matches
Jean-Clair Todibo,fr FRA,DF,West Ham,24-295,1999,5,3,278,3.1,0,0,0,0,0,0,0,0,0.1,0.1,0,0.1,1,1,1,0,0,0,0,0,0.03,0,0.03,0.03,0.03,Matches
Jean-Philippe Mateta,fr FRA,FW,Crystal Palace,27-114,1997,7,6,459,5.1,2,0,2,1,1,1,0,0,1.7,0.9,0.7,1.6,3,8,20,0.39,0,0.39,0.2,0.2,0.34,0.14,0.47,0.18,0.32,Matches
Jean-Ricner Bellegarde,fr FRA,"MF,FW",Wolves,26-115,1998,7,6,402,4.5,1,1,2,1,0,0,1,0,0.3,0.3,0.3,0.6,13,5,21,0.22,0.22,0.45,0.22,0.45,0.07,0.06,0.13,0.07,0.13,Matches
Jefferson Lerma,co COL,"MF,DF",Crystal Palace,29-361,1994,5,3,304,3.4,0,0,0,0,0,0,2,0,0.1,0.1,0.8,0.8,2,20,9,0,0,0,0,0,0.03,0.22,0.25,0.03,0.25,Matches
Jeffrey Schlupp,gh GHA,"MF,DF",Crystal Palace,31-302,1992,5,0,33,0.4,0,0,0,0,0,0,0,0,0,0,0.1,0.1,2,1,4,0,0,0,0,0,0.12,0.22,0.34,0.12,0.34,Matches
Jens Cajuste,se SWE,MF,Ipswich Town,25-071,1999,2,1,80,0.9,0,0,0,0,0,0,0,0,0,0,0.1,0.1,2,3,1,0,0,0,0,0,0.03,0.09,0.11,0.03,0.11,Matches
Jeremy Doku,be BEL,FW,Manchester City,22-146,2002,6,4,335,3.7,1,0,1,1,0,0,0,0,0.3,0.3,1,1.3,40,11,51,0.27,0,0.27,0.27,0.27,0.08,0.28,0.36,0.08,0.36,Matches
Jeremy Sarmiento,ec ECU,MF,Brighton,22-126,2002,1,0,9,0.1,0,0,0,0,0,0,0,0,0,0,0,0,0,0,2,0,0,0,0,0,0,0,0,0,0,Matches
Jesper Lindstrøm,dk DEN,FW,Everton,24-234,2000,4,2,149,1.7,0,0,0,0,0,0,0,0,0.5,0.5,0.5,1.1,3,2,10,0,0,0,0,0,0.31,0.33,0.64,0.31,0.64,Matches
Jhon Durán,co COL,FW,Aston Villa,20-312,2003,8,0,207,2.3,4,0,4,4,0,0,1,0,2.1,2.1,0,2.1,3,5,15,1.74,0,1.74,1.74,1.74,0.9,0.02,0.92,0.9,0.92,Matches
Joachim Andersen,dk DEN,DF,Crystal Palace,28-142,1996,1,1,90,1,0,0,0,0,0,0,1,0,0,0,0,0,1,4,1,0,0,0,0,0,0.04,0,0.04,0.04,0.04,Matches
Joachim Andersen,dk DEN,DF,Fulham,28-142,1996,5,5,423,4.7,0,0,0,0,0,0,0,1,0.1,0.1,0.2,0.4,3,16,0,0,0,0,0,0,0.03,0.05,0.08,0.03,0.08,Matches
Joe Aribo,ng NGA,MF,Southampton,28-091,1996,7,5,451,5,1,0,1,1,0,0,0,0,1.2,1.2,0.7,1.9,16,22,26,0.2,0,0.2,0.2,0.2,0.25,0.13,0.38,0.25,0.38,Matches
Joe Gomez,eng ENG,DF,Liverpool,27-150,1997,1,0,2,0,0,0,0,0,0,0,0,0,0,0,0,0,0,0,0,0,0,0,0,0,0,0,0,0,0,Matches
Joe Willock,eng ENG,"MF,FW",Newcastle Utd,25-061,1999,6,1,174,1.9,0,1,1,0,0,0,0,0,0.2,0.2,0.6,0.8,9,11,16,0,0.52,0.52,0,0.52,0.09,0.33,0.42,0.09,0.42,Matches
Joelinton,br BRA,MF,Newcastle Utd,28-067,1996,8,8,658,7.3,1,0,1,1,0,0,4,0,1.7,1.7,0.7,2.4,12,32,32,0.14,0,0.14,0.14,0.14,0.23,0.09,0.32,0.23,0.32,Matches
John McGinn,sct SCO,"FW,MF",Aston Villa,30-002,1994,6,5,357,4,0,0,0,0,0,0,1,0,0.5,0.5,0.1,0.6,10,14,20,0,0,0,0,0,0.12,0.03,0.16,0.12,0.16,Matches
John Stones,eng ENG,"DF,MF",Manchester City,30-145,1994,4,1,150,1.7,1,0,1,1,0,0,1,0,0.2,0.2,0,0.2,2,2,0,0.6,0,0.6,0.6,0.6,0.11,0,0.11,0.11,0.11,Matches
Jonny Evans,nir NIR,DF,Manchester Utd,36-291,1988,4,2,202,2.2,0,0,0,0,0,0,1,0,0.1,0.1,0,0.1,1,8,2,0,0,0,0,0,0.05,0,0.05,0.05,0.05,Matches
Jordan Ayew,gh GHA,"FW,MF",Crystal Palace,33-039,1991,1,0,21,0.2,0,0,0,0,0,0,1,0,0.5,0.5,0,0.5,0,0,1,0,0,0,0,0,1.96,0.21,2.17,1.96,2.17,Matches
Jordan Ayew,gh GHA,"FW,MF",Leicester City,33-039,1991,7,4,382,4.2,1,0,1,1,0,0,2,0,0.4,0.4,0.1,0.5,7,9,13,0.24,0,0.24,0.24,0.24,0.1,0.02,0.11,0.1,0.11,Matches
Jordan Pickford,eng ENG,GK,Everton,30-227,1994,8,8,720,8,0,0,0,0,0,0,1,0,0,0,0,0,0,0,0,0,0,0,0,0,0,0,0,0,0,Matches
Jorginho,it ITA,MF,Arsenal,32-305,1991,2,2,150,1.7,0,0,0,0,0,0,1,0,0,0,0,0.1,2,8,0,0,0,0,0,0,0.02,0.02,0.05,0.02,0.05,Matches
Joshua Zirkzee,nl NED,FW,Manchester Utd,23-151,2001,8,4,399,4.4,1,0,1,1,0,0,1,0,2.4,2.4,0.3,2.8,2,11,19,0.23,0,0.23,0.23,0.23,0.55,0.08,0.63,0.55,0.63,Matches
José Sá,pt POR,GK,Wolves,31-277,1993,2,2,180,2,0,0,0,0,0,0,0,0,0,0,0.1,0.1,0,0,0,0,0,0,0,0,0,0.03,0.03,0,0.03,Matches
Jota Silva,pt POR,"MF,FW",Nott'ham Forest,25-080,1999,6,0,116,1.3,0,1,1,0,0,0,1,0,0.2,0.2,0.7,0.9,5,5,6,0,0.78,0.78,0,0.78,0.16,0.53,0.69,0.16,0.69,Matches
Jo?o Félix,pt POR,"MF,FW",Chelsea,24-345,1999,5,0,122,1.4,1,0,1,1,0,0,1,0,0.7,0.7,0,0.7,7,8,11,0.74,0,0.74,0.74,0.74,0.51,0.02,0.52,0.51,0.52,Matches
Jo?o Gomes,br BRA,MF,Wolves,23-251,2001,7,7,569,6.3,0,0,0,0,0,0,3,0,0.2,0.2,0,0.2,13,27,10,0,0,0,0,0,0.03,0,0.03,0.03,0.03,Matches
Jo?o Pedro,br BRA,"MF,FW",Brighton,23-024,2001,4,3,281,3.1,2,0,2,2,0,0,1,0,0.8,0.8,0.2,1.1,14,14,16,0.64,0,0.64,0.64,0.64,0.27,0.07,0.34,0.27,0.34,Matches
Joël Veltman,nl NED,DF,Brighton,32-279,1992,7,7,611,6.8,0,0,0,0,0,0,1,0,0.1,0.1,0.3,0.3,15,23,14,0,0,0,0,0,0.01,0.04,0.05,0.01,0.05,Matches
Jo?ko Gvardiol,hr CRO,DF,Manchester City,22-271,2002,7,6,582,6.5,1,0,1,1,0,0,0,0,0.4,0.4,0.5,0.9,17,50,12,0.15,0,0.15,0.15,0.15,0.06,0.08,0.14,0.06,0.14,Matches
Julian Araujo,mx MEX,DF,Bournemouth,23-068,2001,6,4,319,3.5,0,0,0,0,0,0,0,0,0,0,0,0,2,12,11,0,0,0,0,0,0,0,0,0,0,Matches
Julio Enciso,py PAR,"MF,FW",Brighton,20-271,2004,6,0,89,1,0,0,0,0,0,0,0,0,0.2,0.2,0.2,0.4,4,5,7,0,0,0,0,0,0.18,0.21,0.39,0.18,0.39,Matches
Jurriën Timber,nl NED,DF,Arsenal,23-125,2001,6,5,448,5,0,1,1,0,0,0,2,0,0.3,0.3,0.4,0.7,7,17,17,0,0.2,0.2,0,0.2,0.06,0.09,0.14,0.06,0.14,Matches
Justin Kluivert,nl NED,"MF,FW",Bournemouth,25-168,1999,8,5,411,4.6,1,2,3,0,1,1,3,0,1.5,0.7,0.9,1.7,10,15,32,0.22,0.44,0.66,0,0.44,0.33,0.2,0.54,0.16,0.37,Matches
Jørgen Strand Larsen,no NOR,FW,Wolves,24-257,2000,7,7,564,6.3,2,1,3,2,0,0,0,0,1.1,1.1,0.8,1.9,3,5,16,0.32,0.16,0.48,0.32,0.48,0.18,0.13,0.3,0.18,0.3,Matches
Kai Havertz,de GER,"FW,MF",Arsenal,25-131,1999,8,8,720,8,4,1,5,4,0,0,0,0,4.4,4.4,0.9,5.3,18,27,48,0.5,0.12,0.62,0.5,0.62,0.55,0.11,0.66,0.55,0.66,Matches
Kalvin Phillips,eng ENG,MF,Ipswich Town,28-323,1995,5,5,371,4.1,0,0,0,0,0,0,1,0,0.1,0.1,0.1,0.2,2,21,0,0,0,0,0,0,0.03,0.02,0.06,0.03,0.06,Matches
Kamaldeen Sulemana,gh GHA,FW,Southampton,22-248,2002,1,0,13,0.1,0,0,0,0,0,0,0,0,0,0,0,0,1,0,1,0,0,0,0,0,0.14,0,0.14,0.14,0.14,Matches
Kaoru Mitoma,jp JPN,"FW,MF",Brighton,27-153,1997,8,7,652,7.2,1,2,3,1,0,0,0,0,2,2,2.1,4.2,48,23,84,0.14,0.28,0.41,0.14,0.41,0.28,0.29,0.57,0.28,0.57,Matches
Kasey McAteer,ie IRL,"DF,FW",Leicester City,22-333,2001,3,0,12,0.1,0,0,0,0,0,0,0,0,0,0,0,0,0,0,2,0,0,0,0,0,0.17,0,0.17,0.17,0.17,Matches
Keane Lewis-Potter,eng ENG,"FW,DF",Brentford,23-241,2001,8,6,523,5.8,0,1,1,0,0,0,1,0,0.4,0.4,0.5,0.9,11,16,32,0,0.17,0.17,0,0.17,0.07,0.09,0.16,0.07,0.16,Matches
Kenny Tete,nl NED,DF,Fulham,29-011,1995,8,8,706,7.8,0,0,0,0,0,0,2,0,0.8,0.8,0,0.8,22,20,19,0,0,0,0,0,0.1,0,0.11,0.1,0.11,Matches
Kepa Arrizabalaga,es ESP,GK,Bournemouth,30-017,1994,5,5,450,5,0,0,0,0,0,0,0,0,0,0,0,0,0,0,0,0,0,0,0,0,0,0,0,0,0,Matches
Kevin De Bruyne,be BEL,MF,Manchester City,33-114,1991,4,4,356,4,1,1,2,1,0,0,1,0,1.2,1.2,1.7,2.9,10,47,32,0.25,0.25,0.51,0.25,0.51,0.31,0.43,0.74,0.31,0.74,Matches
Kevin Schade,de GER,"FW,MF",Brentford,22-328,2001,8,5,447,5,0,0,0,0,0,0,0,0,1.1,1.1,0.1,1.2,13,4,30,0,0,0,0,0,0.22,0.03,0.25,0.22,0.25,Matches
Kieran Trippier,eng ENG,DF,Newcastle Utd,34-031,1990,5,3,280,3.1,0,0,0,0,0,0,0,0,0,0,0.2,0.2,5,19,12,0,0,0,0,0,0.01,0.06,0.07,0.01,0.07,Matches
Kiernan Dewsbury-Hall,eng ENG,MF,Chelsea,26-044,1998,3,0,46,0.5,0,0,0,0,0,0,0,0,0,0,0.1,0.1,3,2,1,0,0,0,0,0,0,0.18,0.18,0,0.18,Matches
Kobbie Mainoo,eng ENG,MF,Manchester Utd,19-184,2005,7,7,571,6.3,0,0,0,0,0,0,4,0,0.1,0.1,0.7,0.8,5,24,11,0,0,0,0,0,0.02,0.11,0.13,0.02,0.13,Matches
Konstantinos Mavropanos,gr GRE,DF,West Ham,26-314,1997,7,5,515,5.7,0,0,0,0,0,0,0,0,0.2,0.2,0,0.2,5,13,2,0,0,0,0,0,0.04,0,0.04,0.04,0.04,Matches
Kosta Nedeljkovi?,rs SRB,DF,Aston Villa,18-309,2005,3,0,96,1.1,0,0,0,0,0,0,0,0,0,0,0,0,1,3,0,0,0,0,0,0,0,0,0,0,0,Matches
Kostas Tsimikas,gr GRE,DF,Liverpool,28-161,1996,4,1,114,1.3,0,0,0,0,0,0,0,0,0,0,0,0,5,19,5,0,0,0,0,0,0.02,0,0.02,0.02,0.02,Matches
Kristoffer Ajer,no NOR,DF,Brentford,26-186,1998,8,8,636,7.1,0,0,0,0,0,0,3,0,0.3,0.3,0.2,0.5,15,25,12,0,0,0,0,0,0.04,0.03,0.07,0.04,0.07,Matches
Kyle Walker,eng ENG,DF,Manchester City,34-145,1990,5,3,289,3.2,0,0,0,0,0,0,0,0,0.1,0.1,0.3,0.4,6,25,1,0,0,0,0,0,0.04,0.09,0.14,0.04,0.14,Matches
Kyle Walker-Peters,eng ENG,DF,Southampton,27-190,1997,6,6,530,5.9,0,1,1,0,0,0,1,0,0.2,0.2,0.6,0.9,28,32,15,0,0.17,0.17,0,0.17,0.04,0.11,0.15,0.04,0.15,Matches
Lamare Bogarde,nl NED,DF,Aston Villa,20-289,2004,2,2,168,1.9,0,0,0,0,0,0,1,0,0,0,0.1,0.1,3,6,5,0,0,0,0,0,0,0.04,0.04,0,0.04,Matches
Leandro Trossard,be BEL,FW,Arsenal,29-321,1994,8,5,401,4.5,2,0,2,2,0,0,2,1,1.5,1.5,0.7,2.2,11,16,23,0.45,0,0.45,0.45,0.45,0.33,0.16,0.49,0.33,0.49,Matches
Leif Davis,eng ENG,DF,Ipswich Town,24-282,2000,8,8,720,8,0,1,1,0,0,0,0,0,0.3,0.3,1.6,1.9,15,21,33,0,0.12,0.12,0,0.12,0.04,0.2,0.23,0.04,0.23,Matches
Leon Bailey,jm JAM,"FW,MF",Aston Villa,27-072,1997,7,6,408,4.5,0,1,1,0,0,0,2,0,0.4,0.4,0.8,1.2,20,16,37,0,0.22,0.22,0,0.22,0.08,0.18,0.26,0.08,0.26,Matches
Lesley Ugochukwu,fr FRA,MF,Southampton,20-208,2004,3,2,140,1.6,0,0,0,0,0,0,0,0,0.2,0.2,0.2,0.4,3,1,1,0,0,0,0,0,0.14,0.12,0.26,0.14,0.26,Matches
Levi Colwill,eng ENG,DF,Chelsea,21-237,2003,7,7,629,7,0,0,0,0,0,0,2,0,0.2,0.2,0.6,0.8,3,28,0,0,0,0,0,0,0.02,0.09,0.11,0.02,0.11,Matches
Lewis Cook,eng ENG,MF,Bournemouth,27-260,1997,8,8,713,7.9,1,2,3,1,0,0,3,0,0.3,0.3,1.8,2.2,7,45,10,0.13,0.25,0.38,0.13,0.38,0.04,0.23,0.27,0.04,0.27,Matches
Lewis Dunk,eng ENG,DF,Brighton,32-334,1991,8,8,705,7.8,0,0,0,0,0,0,2,0,0.2,0.2,0.4,0.7,8,56,1,0,0,0,0,0,0.03,0.05,0.09,0.03,0.09,Matches
Lewis Hall,eng ENG,DF,Newcastle Utd,20-042,2004,8,5,518,5.8,0,0,0,0,0,0,3,0,0,0,0.6,0.6,13,38,18,0,0,0,0,0,0,0.11,0.11,0,0.11,Matches
Liam Delap,eng ENG,FW,Ipswich Town,21-255,2003,8,8,614,6.8,4,0,4,4,0,0,2,0,1.3,1.3,0.3,1.6,13,4,29,0.59,0,0.59,0.59,0.59,0.19,0.05,0.24,0.19,0.24,Matches
Lisandro Martínez,ar ARG,DF,Manchester Utd,26-276,1998,7,7,616,6.8,0,0,0,0,0,0,3,0,0.8,0.8,0.1,0.9,5,37,4,0,0,0,0,0,0.12,0.02,0.14,0.12,0.14,Matches
Lloyd Kelly,eng ENG,DF,Newcastle Utd,26-014,1998,5,3,205,2.3,0,1,1,0,0,0,1,0,0.2,0.2,0.5,0.6,0,6,2,0,0.44,0.44,0,0.44,0.08,0.2,0.28,0.08,0.28,Matches
Lucas Bergvall,se SWE,"MF,FW",Tottenham,18-261,2006,5,0,51,0.6,0,0,0,0,0,0,0,0,0.1,0.1,0.2,0.3,1,4,3,0,0,0,0,0,0.14,0.34,0.48,0.14,0.48,Matches
Lucas Digne,fr FRA,DF,Aston Villa,31-092,1993,8,8,608,6.8,0,2,2,0,0,0,2,0,0.3,0.3,1.1,1.3,4,12,34,0,0.3,0.3,0,0.3,0.04,0.16,0.2,0.04,0.2,Matches
Lucas Paquetá,br BRA,MF,West Ham,27-054,1997,8,7,586,6.5,2,0,2,1,1,1,2,0,2,1.2,0.6,1.9,6,40,23,0.31,0,0.31,0.15,0.15,0.31,0.09,0.41,0.19,0.28,Matches
Luis Díaz,co COL,FW,Liverpool,27-281,1997,7,6,446,5,5,1,6,5,0,0,0,0,2.7,2.7,1.1,3.7,23,16,48,1.01,0.2,1.21,1.01,1.21,0.54,0.21,0.75,0.54,0.75,Matches
Luis Guilherme,br BRA,MF,West Ham,18-254,2006,1,0,5,0.1,0,0,0,0,0,0,0,0,0,0,0,0,0,0,0,0,0,0,0,0,0,0,0,0,0,Matches
Luis Sinisterra,co COL,"FW,MF",Bournemouth,25-125,1999,8,1,208,2.3,1,1,2,1,0,0,0,0,1.1,1.1,1,2.1,14,3,29,0.43,0.43,0.87,0.43,0.87,0.48,0.44,0.92,0.48,0.92,Matches
Luke Woolfenden,eng ENG,DF,Ipswich Town,25-365,1998,4,4,360,4,0,0,0,0,0,0,1,0,0,0,0,0,3,9,0,0,0,0,0,0,0.01,0,0.01,0.01,0.01,Matches
Mads Hermansen,dk DEN,GK,Leicester City,24-101,2000,8,8,720,8,0,0,0,0,0,0,0,0,0,0,0,0,0,0,0,0,0,0,0,0,0,0,0,0,0,Matches
Mads Roerslev,dk DEN,DF,Brentford,25-118,1999,7,2,268,3,0,0,0,0,0,0,0,0,0,0,0.2,0.2,3,13,10,0,0,0,0,0,0,0.06,0.06,0,0.06,Matches
Malo Gusto,fr FRA,DF,Chelsea,21-154,2003,5,5,433,4.8,0,0,0,0,0,0,1,0,0.1,0.1,0.1,0.2,8,19,18,0,0,0,0,0,0.03,0.02,0.05,0.03,0.05,Matches
Manuel Akanji,ch SUI,DF,Manchester City,29-093,1995,7,7,601,6.7,0,0,0,0,0,0,1,0,0.1,0.1,0.2,0.2,14,63,3,0,0,0,0,0,0.01,0.02,0.04,0.01,0.04,Matches
Manuel Ugarte Ribeiro,uy URU,MF,Manchester Utd,23-192,2001,4,1,108,1.2,0,0,0,0,0,0,1,0,0,0,0,0,1,3,3,0,0,0,0,0,0,0,0,0,0,Matches
Marc Cucurella,es ESP,DF,Chelsea,26-090,1998,7,7,590,6.6,0,0,0,0,0,0,5,0,0,0,0.2,0.2,7,19,16,0,0,0,0,0,0,0.03,0.03,0,0.03,Matches
Marc Guiu,es ESP,FW,Chelsea,18-290,2006,1,0,24,0.3,0,0,0,0,0,0,0,0,0,0,0,0,0,0,0,0,0,0,0,0,0,0,0,0,0,Matches
Marc Guéhi,eng ENG,DF,Crystal Palace,24-099,2000,7,7,630,7,1,0,1,1,0,0,1,0,0.2,0.2,0,0.2,3,26,0,0.14,0,0.14,0.14,0.14,0.03,0.01,0.03,0.03,0.03,Matches
Marcos Senesi,ar ARG,DF,Bournemouth,27-163,1997,6,6,526,5.8,0,0,0,0,0,0,3,0,0.1,0.1,0.2,0.4,6,27,3,0,0,0,0,0,0.02,0.04,0.06,0.02,0.06,Matches
Marcus Harness,eng ENG,MF,Ipswich Town,28-239,1996,2,0,45,0.5,0,0,0,0,0,0,0,0,0,0,0,0,0,2,1,0,0,0,0,0,0,0,0,0,0,Matches
Marcus Rashford,eng ENG,FW,Manchester Utd,26-355,1997,8,7,571,6.3,1,1,2,1,0,0,1,0,0.7,0.7,1.8,2.5,15,15,45,0.16,0.16,0.32,0.16,0.32,0.1,0.29,0.39,0.1,0.39,Matches
Marcus Tavernier,eng ENG,"MF,FW",Bournemouth,25-212,1999,8,8,663,7.4,1,1,2,1,0,0,1,0,2.4,2.4,1.2,3.6,17,44,41,0.14,0.14,0.27,0.14,0.27,0.33,0.17,0.49,0.33,0.49,Matches
Mario Lemina,ga GAB,"MF,FW",Wolves,31-049,1993,7,7,629,7,1,1,2,1,0,0,2,0,1,1,0.3,1.3,3,21,13,0.14,0.14,0.29,0.14,0.29,0.15,0.04,0.18,0.15,0.18,Matches
Mark Flekken,nl NED,GK,Brentford,31-129,1993,8,8,720,8,0,0,0,0,0,0,0,0,0,0,0,0,0,0,0,0,0,0,0,0,0,0,0,0,0,Matches
Mark Travers,ie IRL,GK,Bournemouth,25-155,1999,1,1,90,1,0,0,0,0,0,0,0,0,0,0,0,0,0,0,0,0,0,0,0,0,0,0,0,0,0,Matches
Martin Ødegaard,no NOR,MF,Arsenal,25-308,1998,3,3,253,2.8,0,0,0,0,0,0,1,0,0.4,0.4,0.3,0.7,8,19,11,0,0,0,0,0,0.16,0.1,0.26,0.16,0.26,Matches
Mason Holgate,eng ENG,"FW,DF",Everton,27-364,1996,1,0,6,0.1,0,0,0,0,0,0,0,0,0,0,0,0,0,0,0,0,0,0,0,0,0,0,0,0,0,Matches
Mason Mount,eng ENG,"MF,FW",Manchester Utd,25-284,1999,3,2,145,1.6,0,0,0,0,0,0,2,0,0.4,0.4,0.1,0.5,1,4,4,0,0,0,0,0,0.24,0.07,0.3,0.24,0.3,Matches
Massimo Luongo,au AUS,MF,Ipswich Town,32-025,1992,4,2,142,1.6,0,0,0,0,0,0,0,0,0,0,0,0,0,4,1,0,0,0,0,0,0,0,0,0,0,Matches
Mateo Kova?i?,hr CRO,MF,Manchester City,30-167,1994,7,6,524,5.8,3,0,3,3,0,0,2,0,0.7,0.7,0.3,0.9,20,31,7,0.52,0,0.52,0.52,0.52,0.11,0.05,0.16,0.11,0.16,Matches
Mateus Fernandes,pt POR,MF,Southampton,20-102,2004,7,5,438,4.9,0,1,1,0,0,0,2,0,0.4,0.4,0.8,1.2,12,22,19,0,0.21,0.21,0,0.21,0.09,0.16,0.25,0.09,0.25,Matches
Matheus Cunha,br BRA,"MF,FW",Wolves,25-146,1999,7,6,551,6.1,3,0,3,3,0,0,1,0,1.9,1.9,1,2.9,22,22,39,0.49,0,0.49,0.49,0.49,0.32,0.16,0.48,0.32,0.48,Matches
Matheus Nunes,pt POR,"FW,MF",Manchester City,26-054,1998,4,0,23,0.3,0,1,1,0,0,0,0,0,0,0,0.5,0.5,2,1,6,0,3.91,3.91,0,3.91,0,2.14,2.14,0,2.14,Matches
Mathias Jensen,dk DEN,MF,Brentford,28-293,1996,3,3,238,2.6,0,1,1,0,0,0,1,0,0.1,0.1,0.7,0.8,1,12,11,0,0.38,0.38,0,0.38,0.04,0.28,0.32,0.04,0.32,Matches
Mats Wieffer,nl NED,MF,Brighton,24-339,1999,5,2,212,2.4,0,1,1,0,0,0,0,0,0.2,0.2,0.1,0.3,3,16,2,0,0.42,0.42,0,0.42,0.07,0.04,0.12,0.07,0.12,Matches
Matt Doherty,ie IRL,DF,Wolves,32-278,1992,4,2,210,2.3,0,0,0,0,0,0,0,0,0.1,0.1,0.1,0.2,1,6,8,0,0,0,0,0,0.03,0.06,0.1,0.03,0.1,Matches
Matthijs de Ligt,nl NED,DF,Manchester Utd,25-069,1999,8,5,491,5.5,1,0,1,1,0,0,1,0,1.1,1.1,0.1,1.2,3,8,1,0.18,0,0.18,0.18,0.18,0.21,0.02,0.22,0.21,0.22,Matches
Matty Cash,pl POL,DF,Aston Villa,27-074,1997,4,4,276,3.1,0,0,0,0,0,0,0,0,0,0,0.1,0.1,7,11,5,0,0,0,0,0,0.01,0.03,0.04,0.01,0.04,Matches
Matz Sels,be BEL,GK,Nott'ham Forest,32-237,1992,7,7,630,7,0,0,0,0,0,0,2,0,0,0,0,0,0,1,0,0,0,0,0,0,0,0,0,0,0,Matches
Max Kilman,eng ENG,DF,West Ham,27-150,1997,8,8,720,8,0,1,1,0,0,0,3,0,0.3,0.3,0.3,0.6,8,38,1,0,0.12,0.12,0,0.12,0.04,0.04,0.07,0.04,0.07,Matches
Maxence Lacroix,fr FRA,DF,Crystal Palace,24-197,2000,4,4,360,4,0,1,1,0,0,0,1,0,0.2,0.2,0.3,0.5,1,7,0,0,0.25,0.25,0,0.25,0.04,0.08,0.12,0.04,0.12,Matches
Maxwel Cornet,ci CIV,FW,Southampton,28-023,1996,2,1,72,0.8,0,0,0,0,0,0,1,0,0.2,0.2,0,0.2,1,0,5,0,0,0,0,0,0.2,0,0.2,0.2,0.2,Matches
Michael Keane,eng ENG,DF,Everton,31-283,1993,7,7,630,7,2,0,2,2,0,0,3,0,0.3,0.3,0.1,0.4,0,9,1,0.29,0,0.29,0.29,0.29,0.04,0.01,0.05,0.04,0.05,Matches
Michail Antonio,jm JAM,FW,West Ham,34-206,1990,8,7,488,5.4,1,1,2,1,0,0,1,0,1.8,1.8,0.7,2.6,12,10,30,0.18,0.18,0.37,0.18,0.37,0.34,0.13,0.47,0.34,0.47,Matches
Micky van de Ven,nl NED,DF,Tottenham,23-184,2001,7,7,620,6.9,0,2,2,0,0,0,3,0,0.1,0.1,1.2,1.3,8,41,1,0,0.29,0.29,0,0.29,0.02,0.17,0.19,0.02,0.19,Matches
Miguel Almirón,py PAR,FW,Newcastle Utd,30-253,1994,4,0,38,0.4,0,0,0,0,0,0,0,0,0.2,0.2,0.2,0.4,1,4,6,0,0,0,0,0,0.45,0.42,0.88,0.45,0.88,Matches
Mikel Merino,es ESP,"MF,FW",Arsenal,28-120,1996,2,1,110,1.2,0,0,0,0,0,0,0,0,0.2,0.2,0.3,0.5,1,3,6,0,0,0,0,0,0.13,0.24,0.37,0.13,0.37,Matches
Mikey Moore,eng ENG,FW,Tottenham,17-070,2007,3,0,24,0.3,0,0,0,0,0,0,0,0,0,0,0,0,3,0,5,0,0,0,0,0,0.15,0,0.15,0.15,0.15,Matches
Mikkel Damsgaard,dk DEN,"MF,FW",Brentford,24-109,2000,8,6,553,6.1,0,3,3,0,0,0,0,0,0.4,0.4,2.1,2.5,16,39,20,0,0.49,0.49,0,0.49,0.06,0.34,0.4,0.06,0.4,Matches
Milos Kerkez,hu HUN,DF,Bournemouth,20-348,2003,8,8,667,7.4,0,0,0,0,0,0,2,0,0.1,0.1,0.2,0.3,23,40,27,0,0,0,0,0,0.02,0.03,0.05,0.01,0.04,Matches
Mohamed Salah,eg EGY,FW,Liverpool,32-127,1992,7,7,604,6.7,4,4,8,3,1,1,0,0,4.1,3.3,2.1,5.4,27,27,84,0.6,0.6,1.19,0.45,1.04,0.6,0.32,0.92,0.49,0.81,Matches
Mohammed Kudus,gh GHA,"MF,FW",West Ham,24-079,2000,8,8,663,7.4,2,0,2,2,0,0,0,1,2.9,2.9,0.8,3.7,37,20,66,0.27,0,0.27,0.27,0.27,0.4,0.11,0.51,0.4,0.51,Matches
Moisés Caicedo,ec ECU,MF,Chelsea,22-353,2001,7,7,615,6.8,0,1,1,0,0,0,2,0,0.2,0.2,1.1,1.3,7,27,10,0,0.15,0.15,0,0.15,0.02,0.16,0.18,0.02,0.18,Matches
Morato,br BRA,DF,Nott'ham Forest,23-112,2001,3,0,38,0.4,0,0,0,0,0,0,0,0,0,0,0,0,0,0,0,0,0,0,0,0,0,0,0,0,0,Matches
Morgan Gibbs-White,eng ENG,MF,Nott'ham Forest,24-267,2000,6,6,506,5.6,1,0,1,1,0,0,3,1,0.8,0.8,0.8,1.7,11,28,24,0.18,0,0.18,0.18,0.18,0.15,0.15,0.3,0.15,0.3,Matches
Morgan Rogers,eng ENG,"MF,FW",Aston Villa,22-086,2002,8,8,685,7.6,2,2,4,2,0,0,2,0,1.6,1.6,2.1,3.7,24,24,44,0.26,0.26,0.53,0.26,0.53,0.21,0.28,0.49,0.21,0.49,Matches
Murillo,br BRA,DF,Nott'ham Forest,22-108,2002,7,7,630,7,0,0,0,0,0,0,1,0,0.1,0.1,0.4,0.4,8,16,0,0,0,0,0,0,0.01,0.06,0.06,0.01,0.06,Matches
Mykhailo Mudryk,ua UKR,FW,Chelsea,23-289,2001,4,1,83,0.9,0,0,0,0,0,0,0,0,0,0,1,1,5,5,5,0,0,0,0,0,0,1.05,1.05,0,1.05,Matches
Myles Lewis-Skelly,eng ENG,DF,Arsenal,18-024,2006,1,0,1,0,0,0,0,0,0,0,1,0,0,0,0,0,0,0,0,0,0,0,0,0,0,0,0,0,0,Matches
Nathan Aké,nl NED,DF,Manchester City,29-245,1995,1,0,3,0,0,0,0,0,0,0,0,0,0,0,0,0,0,1,0,0,0,0,0,0,0,0,0,0,0,Matches
Nathan Collins,ie IRL,DF,Brentford,23-173,2001,8,8,720,8,1,0,1,1,0,0,1,0,1.3,1.3,0.2,1.5,7,22,4,0.12,0,0.12,0.12,0.12,0.16,0.02,0.18,0.16,0.18,Matches
Nathaniel Clyne,eng ENG,"DF,MF",Crystal Palace,33-198,1991,3,2,227,2.5,0,0,0,0,0,0,0,0,0,0,0,0,1,5,5,0,0,0,0,0,0,0,0,0,0,Matches
Neco Williams,wls WAL,DF,Nott'ham Forest,23-190,2001,7,3,342,3.8,0,0,0,0,0,0,3,0,0.6,0.6,0.2,0.8,9,6,14,0,0,0,0,0,0.16,0.06,0.21,0.16,0.21,Matches
Neto,br BRA,GK,Bournemouth,35-093,1989,2,2,180,2,0,0,0,0,0,0,0,0,0,0,0,0,0,0,0,0,0,0,0,0,0,0,0,0,0,Matches
Nick Pope,eng ENG,GK,Newcastle Utd,32-184,1992,8,8,720,8,0,0,0,0,0,0,0,0,0,0,0,0,0,0,0,0,0,0,0,0,0,0,0,0,0,Matches
Niclas Füllkrug,de GER,FW,West Ham,31-254,1993,3,0,66,0.7,0,0,0,0,0,0,0,0,0.3,0.3,0,0.3,2,0,3,0,0,0,0,0,0.35,0,0.35,0.35,0.35,Matches
Nicolas Jackson,sn SEN,FW,Chelsea,23-122,2001,7,7,522,5.8,4,3,7,4,0,0,2,0,5.2,5.2,1,6.1,15,9,24,0.69,0.52,1.21,0.69,1.21,0.89,0.17,1.06,0.89,1.06,Matches
Nicolás Domínguez,ar ARG,"MF,FW",Nott'ham Forest,26-114,1998,5,2,177,2,0,0,0,0,0,0,1,0,0.1,0.1,0,0.2,1,6,4,0,0,0,0,0,0.07,0,0.08,0.07,0.08,Matches
Nikola Milenkovi?,rs SRB,DF,Nott'ham Forest,27-008,1997,6,6,540,6,0,1,1,0,0,0,0,0,1.1,1.1,0.2,1.3,0,7,0,0,0.17,0.17,0,0.17,0.18,0.04,0.22,0.18,0.22,Matches
Noni Madueke,eng ENG,FW,Chelsea,22-224,2002,6,6,477,5.3,4,0,4,4,0,0,0,0,1.9,1.9,1.1,3,29,13,44,0.75,0,0.75,0.75,0.75,0.36,0.2,0.56,0.36,0.56,Matches
Noussair Mazraoui,ma MAR,DF,Manchester Utd,26-341,1997,8,7,559,6.2,0,1,1,0,0,0,1,0,0.2,0.2,0.1,0.4,6,32,8,0,0.16,0.16,0,0.16,0.03,0.02,0.06,0.03,0.06,Matches
Nélson Semedo,pt POR,DF,Wolves,30-339,1993,5,5,420,4.7,0,1,1,0,0,0,3,0,0.1,0.1,0.4,0.5,7,13,9,0,0.21,0.21,0,0.21,0.01,0.09,0.1,0.01,0.1,Matches
Odsonne Édouard,fr FRA,"MF,FW",Crystal Palace,26-278,1998,2,1,115,1.3,0,0,0,0,0,0,0,0,0.4,0.4,0,0.4,2,4,7,0,0,0,0,0,0.31,0.04,0.34,0.31,0.34,Matches
Odsonne Édouard,fr FRA,FW,Leicester City,26-278,1998,3,0,26,0.3,0,0,0,0,0,0,0,0,0,0,0,0,0,1,2,0,0,0,0,0,0,0.15,0.15,0,0.15,Matches
Ola Aina,ng NGA,DF,Nott'ham Forest,28-012,1996,7,7,593,6.6,0,0,0,0,0,0,1,0,0.1,0.1,0.3,0.4,16,26,9,0,0,0,0,0,0.01,0.05,0.06,0.01,0.06,Matches
Oleksandr Zinchenko,ua UKR,DF,Arsenal,27-310,1996,2,1,79,0.9,0,0,0,0,0,0,0,0,0,0,0,0,1,6,2,0,0,0,0,0,0,0,0,0,0,Matches
Oliver Skipp,eng ENG,MF,Leicester City,24-034,2000,6,5,401,4.5,0,0,0,0,0,0,2,0,0,0,0.1,0.1,6,13,3,0,0,0,0,0,0.01,0.02,0.03,0.01,0.03,Matches
Ollie Watkins,eng ENG,FW,Aston Villa,28-295,1995,8,8,604,6.7,5,2,7,5,0,0,0,0,4,4,0.7,4.7,8,3,38,0.75,0.3,1.04,0.75,1.04,0.59,0.11,0.7,0.59,0.7,Matches
Omari Hutchinson,eng ENG,"MF,FW",Ipswich Town,20-356,2003,8,8,704,7.8,0,1,1,0,0,0,3,0,0.5,0.5,0.9,1.4,23,22,44,0,0.13,0.13,0,0.13,0.06,0.12,0.18,0.06,0.18,Matches
Orel Mangala,be BEL,MF,Everton,26-216,1998,5,3,264,2.9,0,0,0,0,0,0,0,0,0.1,0.1,0.1,0.2,3,12,2,0,0,0,0,0,0.04,0.02,0.05,0.04,0.05,Matches
Pablo Sarabia,es ESP,"FW,MF",Wolves,32-162,1992,2,0,30,0.3,0,0,0,0,0,0,0,0,0.1,0.1,0,0.1,2,6,2,0,0,0,0,0,0.27,0,0.27,0.27,0.27,Matches
Pape Matar Sarr,sn SEN,MF,Tottenham,22-036,2002,8,2,261,2.9,0,2,2,0,0,0,1,0,0.6,0.6,1.1,1.7,3,15,13,0,0.69,0.69,0,0.69,0.21,0.38,0.59,0.21,0.59,Matches
Pau Torres,es ESP,DF,Aston Villa,27-278,1997,8,8,720,8,0,0,0,0,0,0,1,0,0.1,0.1,0,0.1,20,28,4,0,0,0,0,0,0.02,0,0.02,0.02,0.02,Matches
Paul Onuachu,ng NGA,FW,Southampton,30-145,1994,2,0,40,0.4,0,0,0,0,0,0,0,0,0,0,0,0,0,1,0,0,0,0,0,0,0.05,0.04,0.09,0.05,0.09,Matches
Pedro Neto,pt POR,FW,Chelsea,24-225,2000,7,2,243,2.7,0,1,1,0,0,0,2,0,0.1,0.1,0.6,0.7,18,4,30,0,0.37,0.37,0,0.37,0.04,0.22,0.26,0.04,0.26,Matches
Pedro Porro,es ESP,DF,Tottenham,25-037,1999,8,8,716,8,1,0,1,1,0,0,1,0,0.6,0.6,1,1.7,21,51,26,0.13,0,0.13,0.13,0.13,0.08,0.13,0.21,0.08,0.21,Matches
Pervis Estupiñán,ec ECU,DF,Brighton,26-273,1998,5,2,254,2.8,0,0,0,0,0,0,1,0,0.1,0.1,0.2,0.3,8,15,28,0,0,0,0,0,0.02,0.08,0.1,0.02,0.1,Matches
Phil Foden,eng ENG,"MF,FW",Manchester City,24-145,2000,4,1,168,1.9,0,0,0,0,0,0,0,0,0.2,0.2,0.3,0.5,4,6,19,0,0,0,0,0,0.13,0.16,0.29,0.13,0.29,Matches
Philip Billing,dk DEN,MF,Bournemouth,28-131,1996,2,0,23,0.3,0,0,0,0,0,0,0,0,0,0,0,0,0,0,2,0,0,0,0,0,0,0,0,0,0,Matches
Radu Drãgu?in,ro ROU,DF,Tottenham,22-260,2002,2,1,100,1.1,0,0,0,0,0,0,0,0,0,0,0,0,0,1,0,0,0,0,0,0,0.02,0,0.02,0.02,0.02,Matches
Raheem Sterling,eng ENG,"MF,FW",Arsenal,29-317,1994,4,2,123,1.4,0,0,0,0,0,0,0,0,0.3,0.3,0,0.4,9,3,12,0,0,0,0,0,0.24,0.03,0.28,0.24,0.28,Matches
Ramón Sosa,py PAR,"MF,FW",Nott'ham Forest,25-050,1999,3,0,59,0.7,1,0,1,1,0,0,0,0,0.5,0.5,0.2,0.7,3,0,3,1.53,0,1.53,1.53,1.53,0.83,0.28,1.11,0.83,1.11,Matches
Rasmus Højlund,dk DEN,FW,Manchester Utd,21-259,2003,4,2,169,1.9,1,0,1,1,0,0,0,0,0.3,0.3,0,0.4,2,3,7,0.53,0,0.53,0.53,0.53,0.19,0.01,0.2,0.19,0.2,Matches
Rayan Aït-Nouri,dz ALG,"DF,MF",Wolves,23-136,2001,7,7,563,6.3,2,2,4,2,0,0,3,0,1,1,1,2,13,25,25,0.32,0.32,0.64,0.32,0.64,0.16,0.16,0.31,0.16,0.31,Matches
Raúl Jiménez,mx MEX,FW,Fulham,33-168,1991,8,5,429,4.8,4,1,5,3,1,1,0,0,2.9,2.1,1.6,3.7,4,7,18,0.84,0.21,1.05,0.63,0.84,0.6,0.33,0.94,0.44,0.77,Matches
Reiss Nelson,eng ENG,FW,Arsenal,24-315,1999,1,0,3,0,0,0,0,0,0,0,0,0,0,0,0,0,0,0,0,0,0,0,0,0,0,0,0,0,0,Matches
Reiss Nelson,eng ENG,"FW,MF",Fulham,24-315,1999,5,0,101,1.1,1,1,2,1,0,0,1,0,0.4,0.4,0.4,0.8,13,6,14,0.89,0.89,1.78,0.89,1.78,0.37,0.34,0.7,0.37,0.7,Matches
Renato Veiga,pt POR,"MF,DF",Chelsea,21-083,2003,4,1,130,1.4,0,0,0,0,0,0,1,0,0,0,0,0,4,5,1,0,0,0,0,0,0.03,0,0.03,0.03,0.03,Matches
Riccardo Calafiori,it ITA,DF,Arsenal,22-154,2002,6,4,386,4.3,1,0,1,1,0,0,1,0,0.5,0.5,0.1,0.6,2,18,9,0.23,0,0.23,0.23,0.23,0.12,0.02,0.14,0.12,0.14,Matches
Richarlison,br BRA,"FW,MF",Tottenham,27-163,1997,3,0,35,0.4,0,0,0,0,0,0,0,0,0.2,0.2,0,0.2,1,3,3,0,0,0,0,0,0.48,0,0.48,0.48,0.48,Matches
Rico Lewis,eng ENG,"MF,DF",Manchester City,19-334,2004,6,6,485,5.4,0,2,2,0,0,0,0,0,0.7,0.7,0.2,0.9,14,18,33,0,0.37,0.37,0,0.37,0.13,0.03,0.16,0.13,0.16,Matches
Robert Sánchez,es ESP,GK,Chelsea,26-337,1997,7,7,630,7,0,0,0,0,0,0,1,0,0,0,0,0,0,0,0,0,0,0,0,0,0,0,0,0,0,Matches
Rodri,es ESP,MF,Manchester City,28-120,1996,2,1,65,0.7,0,0,0,0,0,0,0,0,0,0,0,0,0,4,1,0,0,0,0,0,0,0.06,0.06,0,0.06,Matches
Rodrigo Bentancur,uy URU,MF,Tottenham,27-117,1997,7,5,393,4.4,0,0,0,0,0,0,3,0,0.3,0.3,0.1,0.4,4,28,2,0,0,0,0,0,0.08,0.02,0.1,0.08,0.1,Matches
Rodrigo Gomes,pt POR,"FW,MF",Wolves,21-105,2003,3,1,117,1.3,0,0,0,0,0,0,0,0,0.1,0.1,0,0.1,6,1,12,0,0,0,0,0,0.05,0,0.05,0.05,0.05,Matches
Rodrigo Muniz,br BRA,FW,Fulham,23-169,2001,7,3,291,3.2,1,1,2,1,0,0,0,0,1.4,1.4,0.5,2,2,8,12,0.31,0.31,0.62,0.31,0.62,0.44,0.17,0.61,0.44,0.61,Matches
Roman Dixon,eng ENG,DF,Everton,19-299,2004,1,1,90,1,0,0,0,0,0,0,0,0,0,0,0,0,0,0,1,0,0,0,0,0,0,0,0,0,0,Matches
Roméo Lavia,be BEL,MF,Chelsea,20-288,2004,2,1,78,0.9,0,0,0,0,0,0,0,0,0,0,0.5,0.5,0,2,2,0,0,0,0,0,0,0.55,0.55,0,0.55,Matches
Ross Barkley,eng ENG,MF,Aston Villa,30-320,1993,7,1,232,2.6,0,1,1,0,0,0,2,0,0.2,0.2,0.2,0.5,8,15,2,0,0.39,0.39,0,0.39,0.09,0.1,0.19,0.09,0.19,Matches
Ross Stewart,sct SCO,"FW,MF",Southampton,28-101,1996,4,1,132,1.5,0,0,0,0,0,0,1,0,0.1,0.1,0,0.1,1,1,5,0,0,0,0,0,0.08,0,0.08,0.08,0.08,Matches
Ryan Christie,sct SCO,MF,Bournemouth,29-241,1995,8,6,483,5.4,1,0,1,1,0,0,3,0,0.4,0.4,0.3,0.7,5,28,16,0.19,0,0.19,0.19,0.19,0.07,0.06,0.13,0.07,0.13,Matches
Ryan Fraser,sct SCO,FW,Southampton,30-239,1994,4,2,141,1.6,0,0,0,0,0,0,0,1,0,0,0.1,0.1,4,1,7,0,0,0,0,0,0.02,0.04,0.05,0.02,0.05,Matches
Ryan Gravenberch,nl NED,MF,Liverpool,22-157,2002,7,7,629,7,0,0,0,0,0,0,2,0,0.1,0.1,0.4,0.5,19,50,13,0,0,0,0,0,0.02,0.06,0.08,0.02,0.08,Matches
Ryan Manning,ie IRL,"DF,FW",Southampton,28-128,1996,2,2,150,1.7,0,0,0,0,0,0,1,0,0.1,0.1,0.2,0.3,0,0,9,0,0,0,0,0,0.03,0.14,0.17,0.03,0.17,Matches
Ryan Trevitt,eng ENG,MF,Brentford,21-222,2003,1,0,4,0,0,0,0,0,0,0,0,0,0,0,0,0,0,0,1,0,0,0,0,0,0,0,0,0,0,Matches
Ryan Yates,eng ENG,MF,Nott'ham Forest,26-334,1997,7,3,449,5,0,0,0,0,0,0,2,0,0.5,0.5,0.4,0.9,9,11,2,0,0,0,0,0,0.09,0.08,0.17,0.09,0.17,Matches
Rúben Dias,pt POR,DF,Manchester City,27-159,1997,7,6,547,6.1,0,0,0,0,0,0,3,0,0.5,0.5,0.1,0.6,10,32,2,0,0,0,0,0,0.08,0.02,0.1,0.08,0.1,Matches
Sam Johnstone,eng ENG,GK,Wolves,31-209,1993,5,5,450,5,0,0,0,0,0,0,0,0,0,0,0,0,0,0,0,0,0,0,0,0,0,0.01,0.01,0,0.01,Matches
Sam Morsy,eg EGY,MF,Ipswich Town,33-040,1991,8,8,713,7.9,1,0,1,1,0,0,4,0,0.2,0.2,0.2,0.4,4,42,3,0.13,0,0.13,0.13,0.13,0.03,0.02,0.05,0.03,0.05,Matches
Sammie Szmodics,ie IRL,"FW,MF",Ipswich Town,29-026,1995,8,4,325,3.6,1,0,1,1,0,0,1,0,1.1,1.1,0.1,1.2,5,8,19,0.28,0,0.28,0.28,0.28,0.3,0.03,0.33,0.3,0.33,Matches
Samuel Amo-Ameyaw,eng ENG,DF,Southampton,18-094,2006,1,0,10,0.1,0,0,0,0,0,0,0,0,0,0,0.1,0.1,0,0,2,0,0,0,0,0,0.18,0.62,0.8,0.18,0.8,Matches
Samuel Edozie,eng ENG,"DF,FW",Southampton,21-266,2003,2,0,65,0.7,0,0,0,0,0,0,1,0,0,0,0.1,0.1,6,4,23,0,0,0,0,0,0,0.14,0.14,0,0.14,Matches
Sander Berge,no NOR,MF,Fulham,26-249,1998,6,2,254,2.8,0,0,0,0,0,0,0,0,0,0,0.1,0.1,1,8,0,0,0,0,0,0,0,0.05,0.05,0,0.05,Matches
Sandro Tonali,it ITA,MF,Newcastle Utd,24-165,2000,6,3,295,3.3,0,0,0,0,0,0,1,0,0.7,0.7,0.2,0.9,1,13,8,0,0,0,0,0,0.21,0.06,0.27,0.21,0.27,Matches
Santiago Bueno,uy URU,DF,Wolves,25-346,1998,2,1,85,0.9,0,0,0,0,0,0,0,0,0,0,0,0,0,2,0,0,0,0,0,0,0,0,0,0,0,Matches
Sa?a Luki?,rs SRB,MF,Fulham,28-068,1996,7,7,547,6.1,0,0,0,0,0,0,4,0,0,0,0.3,0.3,4,28,1,0,0,0,0,0,0,0.05,0.05,0,0.05,Matches
Scott McTominay,sct SCO,MF,Manchester Utd,27-317,1996,2,0,19,0.2,0,0,0,0,0,0,0,0,0.1,0.1,0,0.1,0,1,2,0,0,0,0,0,0.33,0,0.33,0.33,0.33,Matches
Sean Longstaff,eng ENG,MF,Newcastle Utd,26-356,1997,7,4,311,3.5,0,0,0,0,0,0,1,0,0.2,0.2,0,0.2,1,14,6,0,0,0,0,0,0.06,0.01,0.07,0.06,0.07,Matches
Sepp van den Berg,nl NED,DF,Brentford,22-305,2001,6,5,462,5.1,0,0,0,0,0,0,0,0,0.2,0.2,0.1,0.3,3,14,13,0,0,0,0,0,0.04,0.02,0.06,0.04,0.06,Matches
Simon Adingra,ci CIV,"FW,MF",Brighton,22-293,2002,5,1,137,1.5,1,1,2,1,0,0,0,0,0.3,0.3,0.5,0.8,5,2,35,0.66,0.66,1.31,0.66,1.31,0.22,0.31,0.53,0.22,0.53,Matches
Son Heung-min,kr KOR,FW,Tottenham,32-104,1992,6,6,518,5.8,3,2,5,3,0,0,0,0,1.7,1.7,1.8,3.5,24,37,78,0.52,0.35,0.87,0.52,0.87,0.29,0.31,0.6,0.29,0.6,Matches
Stephy Mavididi,eng ENG,FW,Leicester City,26-142,1998,8,5,472,5.2,2,0,2,2,0,0,0,0,0.7,0.7,0.7,1.4,18,21,38,0.38,0,0.38,0.38,0.38,0.14,0.13,0.27,0.14,0.27,Matches
Sávio,br BRA,FW,Manchester City,20-193,2004,5,4,291,3.2,0,2,2,0,0,0,1,0,0.8,0.8,1.5,2.3,32,13,47,0,0.62,0.62,0,0.62,0.24,0.47,0.71,0.24,0.71,Matches
Séamus Coleman,ie IRL,DF,Everton,36-009,1988,1,1,90,1,0,0,0,0,0,0,0,0,0.6,0.6,0,0.6,0,6,2,0,0,0,0,0,0.57,0,0.57,0.57,0.57,Matches
Taiwo Awoniyi,ng NGA,FW,Nott'ham Forest,27-069,1997,4,1,80,0.9,0,0,0,0,0,0,0,0,0.3,0.3,0,0.3,2,1,7,0,0,0,0,0,0.31,0,0.31,0.31,0.31,Matches
Takehiro Tomiyasu,jp JPN,DF,Arsenal,25-350,1998,1,0,7,0.1,0,0,0,0,0,0,0,0,0.2,0.2,0,0.2,0,1,0,0,0,0,0,0,2.37,0,2.37,2.37,2.37,Matches
Taylor Harwood-Bellis,eng ENG,DF,Southampton,22-264,2002,8,7,590,6.6,1,0,1,1,0,0,3,0,0.7,0.7,0.3,1,3,21,3,0.15,0,0.15,0.15,0.15,0.11,0.04,0.15,0.11,0.15,Matches
Thomas Partey,gh GHA,"MF,DF",Arsenal,31-129,1993,8,8,707,7.9,1,0,1,1,0,0,2,0,0.3,0.3,0.2,0.5,3,44,6,0.13,0,0.13,0.13,0.13,0.04,0.02,0.07,0.04,0.07,Matches
Tim Iroegbunam,eng ENG,MF,Everton,21-112,2003,6,4,383,4.3,0,0,0,0,0,0,2,0,0.2,0.2,0.1,0.3,5,10,7,0,0,0,0,0,0.05,0.02,0.07,0.05,0.07,Matches
Timo Werner,de GER,FW,Tottenham,28-228,1996,6,2,216,2.4,0,1,1,0,0,0,0,0,0.8,0.8,0.2,0.9,20,11,45,0,0.42,0.42,0,0.42,0.32,0.06,0.38,0.32,0.38,Matches
Timothy Castagne,be BEL,DF,Fulham,28-320,1995,1,0,14,0.2,0,0,0,0,0,0,0,0,0,0,0,0,0,1,2,0,0,0,0,0,0,0,0,0,0,Matches
Toby Collyer,eng ENG,MF,Manchester Utd,20-291,2004,1,0,45,0.5,0,0,0,0,0,0,0,0,0,0,0.1,0.1,0,2,2,0,0,0,0,0,0,0.15,0.15,0,0.15,Matches
Tom Cairney,sct SCO,MF,Fulham,33-274,1991,6,0,108,1.2,0,0,0,0,0,0,2,0,0,0,0.4,0.4,4,14,4,0,0,0,0,0,0,0.34,0.34,0,0.34,Matches
Tommy Doyle,eng ENG,MF,Wolves,23-003,2001,5,0,69,0.8,0,0,0,0,0,0,0,0,0,0,0,0.1,1,12,2,0,0,0,0,0,0.05,0.05,0.1,0.05,0.1,Matches
Tomá? Sou?ek,cz CZE,MF,West Ham,29-236,1995,8,6,519,5.8,2,0,2,2,0,0,3,0,2,2,0.4,2.4,3,21,19,0.35,0,0.35,0.35,0.35,0.34,0.08,0.42,0.34,0.42,Matches
Tosin Adarabioyo,eng ENG,DF,Chelsea,27-026,1997,3,1,121,1.3,0,0,0,0,0,0,0,0,0,0,0,0,0,2,0,0,0,0,0,0,0,0.01,0.01,0,0.01,Matches
Toti Gomes,pt POR,DF,Wolves,25-278,1999,5,5,450,5,0,1,1,0,0,0,2,0,0,0,0.5,0.5,3,9,2,0,0.2,0.2,0,0.2,0,0.1,0.1,0,0.1,Matches
Trent Alexander-Arnold,eng ENG,DF,Liverpool,26-013,1998,7,7,582,6.5,0,1,1,0,0,0,2,0,0.3,0.3,2.1,2.4,19,41,25,0,0.15,0.15,0,0.15,0.05,0.32,0.38,0.05,0.38,Matches
Trevoh Chalobah,eng ENG,DF,Crystal Palace,25-107,1999,1,1,87,1,0,0,0,0,0,0,0,0,0.2,0.2,0,0.2,1,4,1,0,0,0,0,0,0.22,0,0.22,0.22,0.22,Matches
Tyler Dibling,eng ENG,"FW,MF",Southampton,18-222,2006,8,5,448,5,1,0,1,1,0,0,3,0,0.9,0.9,0.8,1.7,24,19,29,0.2,0,0.2,0.2,0.2,0.19,0.15,0.34,0.19,0.34,Matches
Tyrick Mitchell,eng ENG,"DF,MF",Crystal Palace,25-049,1999,7,7,597,6.6,0,1,1,0,0,0,0,0,0.2,0.2,1.3,1.6,15,19,53,0,0.15,0.15,0,0.15,0.04,0.2,0.23,0.04,0.23,Matches
Valentino Livramento,eng ENG,DF,Newcastle Utd,21-343,2002,8,5,440,4.9,0,0,0,0,0,0,0,0,0,0,0.1,0.1,10,14,14,0,0,0,0,0,0,0.02,0.02,0,0.02,Matches
Victor Bernth Kristiansen,dk DEN,DF,Leicester City,21-309,2002,8,8,682,7.6,0,0,0,0,0,0,1,0,0,0,0.3,0.3,11,20,19,0,0,0,0,0,0,0.03,0.03,0,0.03,Matches
Victor Lindelöf,se SWE,DF,Manchester Utd,30-095,1994,2,0,47,0.5,0,0,0,0,0,0,1,0,0,0,0,0,0,0,1,0,0,0,0,0,0,0,0,0,0,Matches
Virgil van Dijk,nl NED,DF,Liverpool,33-104,1991,7,7,630,7,0,0,0,0,0,0,1,0,0.2,0.2,0.2,0.4,1,31,0,0,0,0,0,0,0.03,0.03,0.06,0.03,0.06,Matches
Vitaliy Mykolenko,ua UKR,DF,Everton,25-144,1999,6,6,475,5.3,0,0,0,0,0,0,0,0,0,0,0.1,0.2,3,16,12,0,0,0,0,0,0,0.03,0.03,0,0.03,Matches
Vitaly Janelt,de GER,"MF,DF",Brentford,26-163,1998,8,8,634,7,0,1,1,0,0,0,1,0,0.2,0.2,0.5,0.7,5,22,8,0,0.14,0.14,0,0.14,0.02,0.07,0.1,0.02,0.1,Matches
Vitezslav Jaros,cz CZE,GK,Liverpool,23-089,2001,1,0,12,0.1,0,0,0,0,0,0,0,0,0,0,0,0,0,0,0,0,0,0,0,0,0,0,0,0,0,Matches
Vladimír Coufal,cz CZE,DF,West Ham,32-059,1992,4,2,200,2.2,0,0,0,0,0,0,0,0,0,0,0.1,0.1,3,6,4,0,0,0,0,0,0.01,0.05,0.06,0.01,0.06,Matches
Wataru Endo,jp JPN,MF,Liverpool,31-254,1993,2,0,3,0,0,0,0,0,0,0,0,0,0,0,0,0,0,1,0,0,0,0,0,0,0,0.58,0.58,0,0.58,Matches
Wes Burns,wls WAL,FW,Ipswich Town,29-332,1994,6,5,343,3.8,0,0,0,0,0,0,1,0,0.2,0.2,1,1.2,11,2,34,0,0,0,0,0,0.05,0.26,0.31,0.05,0.31,Matches
Wesley Fofana,fr FRA,DF,Chelsea,23-308,2000,7,7,596,6.6,0,0,0,0,0,0,5,0,0,0,0.4,0.4,7,14,3,0,0,0,0,0,0.01,0.06,0.07,0.01,0.07,Matches
Wilfred Ndidi,ng NGA,MF,Leicester City,27-309,1996,8,8,702,7.8,0,4,4,0,0,0,3,0,0.2,0.2,1.3,1.5,5,23,33,0,0.51,0.51,0,0.51,0.03,0.16,0.19,0.03,0.19,Matches
Will Hughes,eng ENG,MF,Crystal Palace,29-186,1995,6,2,235,2.6,0,0,0,0,0,0,3,0,0,0,0,0.1,4,12,5,0,0,0,0,0,0.02,0.01,0.02,0.02,0.02,Matches
William Osula,dk DEN,"FW,DF",Newcastle Utd,21-077,2003,2,0,9,0.1,0,0,0,0,0,0,0,0,0,0,0,0,1,0,2,0,0,0,0,0,0,0,0,0,0,Matches
William Saliba,fr FRA,DF,Arsenal,23-210,2001,8,8,659,7.3,0,0,0,0,0,0,2,1,0,0,0,0,3,23,0,0,0,0,0,0,0,0,0,0,0,Matches
William Smallbone,ie IRL,MF,Southampton,24-242,2000,4,3,241,2.7,0,0,0,0,0,0,0,0,0.3,0.3,0.3,0.6,2,8,12,0,0,0,0,0,0.11,0.11,0.23,0.11,0.23,Matches
Willy Boly,ci CIV,DF,Nott'ham Forest,33-260,1991,2,1,91,1,0,0,0,0,0,0,0,0,0.1,0.1,0,0.1,0,2,0,0,0,0,0,0,0.07,0,0.07,0.07,0.07,Matches
Wilson Odobert,fr FRA,FW,Tottenham,19-327,2004,3,2,162,1.8,0,0,0,0,0,0,0,0,0.4,0.4,0.1,0.5,13,10,18,0,0,0,0,0,0.23,0.03,0.27,0.23,0.27,Matches
Wout Faes,be BEL,DF,Leicester City,26-200,1998,8,8,720,8,1,0,1,1,0,0,1,0,0.8,0.8,0,0.8,3,23,1,0.12,0,0.12,0.12,0.12,0.1,0,0.11,0.1,0.11,Matches
Yankuba Minteh,gm GAM,"FW,MF",Brighton,20-090,2004,7,5,406,4.5,1,1,2,1,0,0,2,0,0.8,0.8,1.5,2.3,17,12,54,0.22,0.22,0.44,0.22,0.44,0.18,0.34,0.52,0.18,0.52,Matches
Yasin Ayari,se SWE,"MF,FW",Brighton,21-014,2003,6,2,282,3.1,0,0,0,0,0,0,1,0,0.5,0.5,0.2,0.7,5,12,18,0,0,0,0,0,0.17,0.06,0.23,0.17,0.23,Matches
Yehor Yarmoliuk,ua UKR,MF,Brentford,20-233,2004,5,1,130,1.4,0,0,0,0,0,0,1,0,0.1,0.1,0,0.1,1,5,4,0,0,0,0,0,0.06,0.02,0.08,0.06,0.08,Matches
Yerson Mosquera,co COL,DF,Wolves,23-171,2001,5,5,441,4.9,0,0,0,0,0,0,2,0,0.3,0.3,0.1,0.4,0,7,0,0,0,0,0,0,0.07,0.02,0.09,0.07,0.09,Matches
Yoane Wissa,cd COD,FW,Brentford,28-047,1996,5,4,314,3.5,3,1,4,3,0,0,1,0,2.4,2.4,0.3,2.8,6,7,11,0.86,0.29,1.15,0.86,1.15,0.7,0.09,0.79,0.7,0.79,Matches
Youri Tielemans,be BEL,MF,Aston Villa,27-166,1997,8,8,713,7.9,0,3,3,0,0,0,1,0,0.3,0.3,2.1,2.4,7,56,8,0,0.38,0.38,0,0.38,0.04,0.27,0.31,0.04,0.31,Matches
Yukinari Sugawara,jp JPN,DF,Southampton,24-114,2000,8,8,625,6.9,1,0,1,1,0,0,2,0,0.3,0.3,1.4,1.7,10,33,24,0.14,0,0.14,0.14,0.14,0.04,0.2,0.24,0.04,0.24,Matches
Yunus Emre Konak,tr TUR,"MF,FW",Brentford,18-284,2006,3,0,19,0.2,0,0,0,0,0,0,0,0,0.2,0.2,0,0.2,0,1,1,0,0,0,0,0,0.72,0,0.72,0.72,0.72,Matches
Yves Bissouma,ml MLI,MF,Tottenham,28-051,1996,5,3,273,3,2,0,2,2,0,0,2,0,0.2,0.2,0.2,0.4,5,23,0,0.66,0,0.66,0.66,0.66,0.08,0.06,0.14,0.08,0.14,Matches
Álex Moreno,es ESP,DF,Nott'ham Forest,31-134,1993,4,4,288,3.2,0,0,0,0,0,0,1,0,0.1,0.1,0,0.1,4,7,8,0,0,0,0,0,0.02,0,0.02,0.02,0.02,Matches
?lkay Gündo?an,de GER,MF,Manchester City,33-362,1990,6,4,376,4.2,0,0,0,0,0,0,0,0,0.9,0.9,0.8,1.6,13,25,18,0,0,0,0,0,0.21,0.18,0.39,0.21,0.39,Matches
?ukasz Fabia?ski,pl POL,GK,West Ham,39-185,1985,1,0,45,0.5,0,0,0,0,0,0,0,0,0,0,0,0,0,0,0,0,0,0,0,0,0,0,0,0,0,Matches
